"timestamp","source","target","latency_ms","bandwidth_mbps","cpu_source","cpu_target","mem_source","mem_target","packet_loss_rate","alarm_status_source","alarm_status_target","latency_avg_source","latency_avg_target"
"2025-06-29T21:06:09.874Z","AMF_004","gNB_001",22,1000,9.82,79.36,49.5,65.36,1.63,0,1,13.66,27.94
"2025-06-29T21:06:09.874Z","gNB_012","gNB_002",24,100,8.24,6.62,68.61,18.86,1.7,1,0,28.32,21.32
"2025-06-29T21:06:09.874Z","FIREWALL_001","gNB_002",27,1000,9.52,6.62,18.49,18.86,1.9049999999999998,0,0,24.86,21.32
"2025-06-29T21:06:09.874Z","FIREWALL_001","gNB_002",19,50,9.52,6.62,18.49,18.86,1.9049999999999998,0,0,24.86,21.32
"2025-06-29T21:06:09.874Z","AMF_002","gNB_003",20,500,86.34,84.43,30.97,65.04,1.27,1,1,21.68,15
"2025-06-29T21:06:09.874Z","FIREWALL_001","gNB_004",19,500,9.52,8.62,18.49,56.55,1.45,0,0,24.86,16.4
"2025-06-29T21:06:09.874Z","FIREWALL_005","gNB_004",18,200,6.89,8.62,38.94,56.55,1.44,1,0,26.41,16.4
"2025-06-29T21:06:09.874Z","gNB_002","gNB_005",21,50,6.62,89.38,18.86,42.67,1.98,0,1,21.32,25.01
"2025-06-29T21:06:09.874Z","AMF_001","gNB_005",27,100,10.14,89.38,32.4,42.67,1.7599999999999998,0,1,21.63,25.01
"2025-06-29T21:06:09.874Z","MONITOR_004","gNB_005",24,50,38.96,89.38,40,42.67,1.67,0,1,19.29,25.01
"2025-06-29T21:06:09.874Z","gNB_009","gNB_006",35,500,9.72,89,54.19,50.88,2.135,0,2,15.72,55.52
"2025-06-29T21:06:09.874Z","gNB_006","gNB_007",35,500,89,89,50.88,27.12,1.98,2,1,55.52,10.46
"2025-06-29T21:06:09.874Z","UPF_001","gNB_008",18,100,48.9,9.22,33.22,21.99,1.55,0,0,18.57,15.95
"2025-06-29T21:06:09.874Z","MONITOR_003","gNB_008",23,50,33.3,9.22,34.36,21.99,1.9,1,0,26.18,15.95
"2025-06-29T21:06:09.874Z","gNB_012","gNB_009",19,200,8.24,9.72,68.61,54.19,1.475,1,0,28.32,15.72
"2025-06-29T21:06:09.874Z","EDGE_DC_004","gNB_009",19,50,84.04,9.72,72.18,54.19,1.49,1,0,18.97,15.72
"2025-06-29T21:06:09.874Z","EDGE_DC_006","gNB_009",22,100,6.45,9.72,22.32,54.19,1.5,1,0,26.07,15.72
"2025-06-29T21:06:09.874Z","FIREWALL_005","gNB_009",19,100,6.89,9.72,38.94,54.19,1.67,1,0,26.41,15.72
"2025-06-29T21:06:09.874Z","FIREWALL_005","gNB_009",20,1000,6.89,9.72,38.94,54.19,1.67,1,0,26.41,15.72
"2025-06-29T21:06:09.874Z","AMF_007","gNB_010",17,200,7.16,6.13,48.53,32.86,1.4249999999999998,0,0,18.13,13.25
"2025-06-29T21:06:09.874Z","gNB_013","gNB_012",23,50,72.96,8.24,19.98,68.61,1.4,1,1,10.83,28.32
"2025-06-29T21:06:09.874Z","SMF_003","gNB_012",27,50,6.29,8.24,40.06,68.61,1.4,0,1,17.82,28.32
"2025-06-29T21:06:09.874Z","CORE_DC_003","gNB_012",25,500,8.15,8.24,15.28,68.61,1.6600000000000001,0,1,18.92,28.32
"2025-06-29T21:06:09.874Z","gNB_009","gNB_013",11,100,9.72,72.96,54.19,19.98,1.365,0,1,15.72,10.83
"2025-06-29T21:06:09.874Z","gNB_013","gNB_014",15,50,72.96,84.04,19.98,58.43,1.46,1,1,10.83,29.05
"2025-06-29T21:06:09.874Z","UPF_010","gNB_014",23,200,27.76,84.04,43.28,58.43,1.6549999999999998,0,1,17.09,29.05
"2025-06-29T21:06:09.874Z","gNB_002","gNB_015",18,50,6.62,91.28,18.86,61.58,1.6349999999999998,0,2,21.32,13.3
"2025-06-29T21:06:09.874Z","gNB_009","gNB_015",10,500,9.72,91.28,54.19,61.58,1.41,0,2,15.72,13.3
"2025-06-29T21:06:09.874Z","gNB_013","gNB_015",12,200,72.96,91.28,19.98,61.58,1.335,1,2,10.83,13.3
"2025-06-29T21:06:09.874Z","gNB_017","gNB_015",15,500,79.36,91.28,47.28,61.58,1.685,1,2,23.81,13.3
"2025-06-29T21:06:09.874Z","MONITOR_004","gNB_015",13,100,38.96,91.28,40,61.58,1.325,0,2,19.29,13.3
"2025-06-29T21:06:09.874Z","AMF_003","gNB_016",13,200,47.38,5.65,19.12,15.13,0.935,0,0,14.86,12.29
"2025-06-29T21:06:09.874Z","AMF_008","gNB_016",20,500,10.02,5.65,27.72,15.13,1.215,0,0,24.35,12.29
"2025-06-29T21:06:09.874Z","SMF_003","gNB_016",12,100,6.29,5.65,40.06,15.13,1.085,0,0,17.82,12.29
"2025-06-29T21:06:09.874Z","gNB_001","gNB_018",21,100,79.36,87.1,65.36,48.06,1.5699999999999998,1,1,27.94,11.25
"2025-06-29T21:06:09.874Z","gNB_016","gNB_018",13,50,5.65,87.1,15.13,48.06,1.025,0,1,12.29,11.25
"2025-06-29T21:06:09.874Z","UPF_003","gNB_018",15,1000,79.75,87.1,81.3,48.06,1.015,1,1,10.66,11.25
"2025-06-29T21:06:09.874Z","AMF_001","gNB_018",13,500,10.14,87.1,32.4,48.06,1.31,0,1,21.63,11.25
"2025-06-29T21:06:09.874Z","SMF_002","gNB_018",18,200,52.36,87.1,35.11,48.06,1.5899999999999999,1,1,29.06,11.25
"2025-06-29T21:06:09.874Z","gNB_020","gNB_019",27,200,91.28,10.02,75.32,16.78,1.555,2,0,25.11,20.09
"2025-06-29T21:06:09.874Z","gNB_009","gNB_020",20,1000,9.72,91.28,54.19,75.32,1.4249999999999998,0,2,15.72,25.11
"2025-06-29T21:06:09.874Z","gNB_015","gNB_020",22,100,91.28,91.28,61.58,75.32,1.395,2,2,13.3,25.11
"2025-06-29T21:06:09.874Z","UPF_002","gNB_020",20,50,8.72,91.28,28.51,75.32,1.305,0,2,13.03,25.11
"2025-06-29T21:06:09.874Z","AMF_002","gNB_020",22,500,86.34,91.28,30.97,75.32,1.315,1,2,21.68,25.11
"2025-06-29T21:06:09.874Z","EDGE_DC_003","gNB_020",20,200,8.15,91.28,34.28,75.32,1.375,0,2,11.39,25.11
"2025-06-29T21:06:09.874Z","EDGE_DC_004","gNB_020",26,100,84.04,91.28,72.18,75.32,1.475,1,2,18.97,25.11
"2025-06-29T21:06:09.874Z","FIREWALL_001","gNB_020",26,50,9.52,91.28,18.49,75.32,1.665,0,2,24.86,25.11
"2025-06-29T21:06:09.874Z","gNB_006","UPF_001",39,500,89,48.9,50.88,33.22,2.18,2,0,55.52,18.57
"2025-06-29T21:06:09.874Z","EDGE_DC_003","UPF_002",13,200,8.15,8.72,34.28,28.51,1.27,0,0,11.39,13.03
"2025-06-29T21:06:09.874Z","gNB_002","UPF_003",15,200,6.62,79.75,18.86,81.3,1.375,0,1,21.32,10.66
"2025-06-29T21:06:09.874Z","gNB_003","UPF_003",11,200,84.43,79.75,65.04,81.3,1.09,1,1,15,10.66
"2025-06-29T21:06:09.874Z","EDGE_DC_005","UPF_003",6,50,8.72,79.75,62.3,81.3,0.6950000000000001,0,1,10.22,10.66
"2025-06-29T21:06:09.874Z","MONITOR_002","UPF_004",22,1000,6.37,89.38,49.84,87.73,1.23,0,1,22.4,24.76
"2025-06-29T21:06:09.874Z","UPF_008","UPF_005",15,50,6.29,9.52,4.64,34.41,1.0350000000000001,0,0,13.75,19.36
"2025-06-29T21:06:09.874Z","AMF_004","UPF_005",16,200,9.82,9.52,49.5,34.41,1.1400000000000001,0,0,13.66,19.36
"2025-06-29T21:06:09.874Z","gNB_007","UPF_006",19,1000,89,83.65,27.12,22.2,1.475,1,1,10.46,25.82
"2025-06-29T21:06:09.874Z","AMF_007","UPF_006",19,200,7.16,83.65,48.53,22.2,1.755,0,1,18.13,25.82
"2025-06-29T21:06:09.874Z","SMF_006","UPF_006",22,200,84.43,83.65,20.83,22.2,1.6600000000000001,1,1,21.28,25.82
"2025-06-29T21:06:09.874Z","gNB_012","UPF_008",18,500,8.24,6.29,68.61,4.64,1.295,1,0,28.32,13.75
"2025-06-29T21:06:09.874Z","UPF_004","UPF_008",23,500,89.38,6.29,87.73,4.64,1.195,1,0,24.76,13.75
"2025-06-29T21:06:09.874Z","SMF_007","UPF_008",22,200,90.52,6.29,51.73,4.64,1.57,2,0,27.39,13.75
"2025-06-29T21:06:09.874Z","gNB_017","UPF_009",15,200,79.36,7.34,47.28,37.52,1.5899999999999999,1,0,23.81,11.28
"2025-06-29T21:06:09.874Z","UPF_010","UPF_009",9,1000,27.76,7.34,43.28,37.52,1.435,0,0,17.09,11.28
"2025-06-29T21:06:09.874Z","SMF_007","UPF_009",18,500,90.52,7.34,51.73,37.52,1.625,2,0,27.39,11.28
"2025-06-29T21:06:09.874Z","EDGE_DC_006","UPF_009",17,1000,6.45,7.34,22.32,37.52,1.375,1,0,26.07,11.28
"2025-06-29T21:06:09.874Z","FIREWALL_005","UPF_009",23,50,6.89,7.34,38.94,37.52,1.545,1,0,26.41,11.28
"2025-06-29T21:06:09.874Z","UPF_007","UPF_010",20,50,32.63,27.76,47.79,43.28,1.77,1,0,25.99,17.09
"2025-06-29T21:06:09.874Z","MONITOR_004","UPF_010",20,500,38.96,27.76,40,43.28,1.475,0,0,19.29,17.09
"2025-06-29T21:06:09.874Z","AMF_008","AMF_001",20,1000,10.02,10.14,27.72,32.4,1.5,0,0,24.35,21.63
"2025-06-29T21:06:09.874Z","gNB_019","AMF_002",23,50,10.02,86.34,16.78,30.97,1.46,0,1,20.09,21.68
"2025-06-29T21:06:09.874Z","UPF_003","AMF_002",13,500,79.75,86.34,81.3,30.97,1.04,1,1,10.66,21.68
"2025-06-29T21:06:09.874Z","UPF_009","AMF_002",20,500,7.34,86.34,37.52,30.97,1.205,0,1,11.28,21.68
"2025-06-29T21:06:09.874Z","FIREWALL_005","AMF_002",28,1000,6.89,86.34,38.94,30.97,1.56,1,1,26.41,21.68
"2025-06-29T21:06:09.874Z","UPF_008","AMF_003",15,100,6.29,47.38,4.64,19.12,1.0350000000000001,0,0,13.75,14.86
"2025-06-29T21:06:09.874Z","gNB_005","AMF_004",20,200,89.38,9.82,42.67,49.5,1.68,1,0,25.01,13.66
"2025-06-29T21:06:09.874Z","AMF_007","AMF_004",13,1000,7.16,9.82,48.53,49.5,1.49,0,0,18.13,13.66
"2025-06-29T21:06:09.874Z","CORE_DC_003","AMF_004",18,100,8.15,9.82,15.28,49.5,1.55,0,0,18.92,13.66
"2025-06-29T21:06:09.874Z","FIREWALL_001","AMF_005",16,200,9.52,5.65,18.49,65.45,1.825,0,0,24.86,15.13
"2025-06-29T21:06:09.874Z","CORE_DC_001","AMF_006",17,100,83.26,89,32.48,58.6,1.87,1,1,14.56,28.36
"2025-06-29T21:06:09.874Z","CORE_DC_003","AMF_006",23,200,8.15,89,15.28,58.6,2.0949999999999998,0,1,18.92,28.36
"2025-06-29T21:06:09.874Z","CORE_DC_004","AMF_006",21,200,77.02,89,45.91,58.6,1.935,1,1,14.13,28.36
"2025-06-29T21:06:09.874Z","gNB_006","AMF_008",39,50,89,10.02,50.88,27.72,2.19,2,0,55.52,24.35
"2025-06-29T21:06:09.874Z","gNB_011","AMF_008",19,50,64.11,10.02,56.08,27.72,1.3250000000000002,0,0,16.83,24.35
"2025-06-29T21:06:09.874Z","gNB_015","AMF_008",16,1000,91.28,10.02,61.58,27.72,1.4649999999999999,2,0,13.3,24.35
"2025-06-29T21:06:09.874Z","gNB_015","SMF_001",19,500,91.28,83.65,61.58,50.78,1.47,2,1,13.3,20.79
"2025-06-29T21:06:09.874Z","gNB_015","SMF_001",18,100,91.28,83.65,61.58,50.78,1.47,2,1,13.3,20.79
"2025-06-29T21:06:09.874Z","SMF_007","SMF_001",20,500,90.52,83.65,51.73,50.78,1.81,2,1,27.39,20.79
"2025-06-29T21:06:09.874Z","CORE_DC_004","SMF_001",12,100,77.02,83.65,45.91,50.78,1.525,1,1,14.13,20.79
"2025-06-29T21:06:09.874Z","FIREWALL_004","SMF_001",28,100,8.92,83.65,57.35,50.78,1.72,1,1,25.99,20.79
"2025-06-29T21:06:09.874Z","gNB_009","SMF_002",22,1000,9.72,52.36,54.19,35.11,1.7249999999999999,0,1,15.72,29.06
"2025-06-29T21:06:09.874Z","gNB_010","SMF_002",16,200,6.13,52.36,32.86,35.11,1.585,0,1,13.25,29.06
"2025-06-29T21:06:09.874Z","UPF_003","SMF_002",23,100,79.75,52.36,81.3,35.11,1.4349999999999998,1,1,10.66,29.06
"2025-06-29T21:06:09.874Z","UPF_003","SMF_003",10,50,79.75,6.29,81.3,40.06,1.075,1,0,10.66,17.82
"2025-06-29T21:06:09.874Z","AMF_003","SMF_003",15,200,47.38,6.29,19.12,40.06,1.1400000000000001,0,0,14.86,17.82
"2025-06-29T21:06:09.874Z","AMF_004","SMF_004",21,200,9.82,27.47,49.5,43.63,1.2850000000000001,0,0,13.66,22.14
"2025-06-29T21:06:09.874Z","SMF_003","SMF_004",18,200,6.29,27.47,40.06,43.63,1.2850000000000001,0,0,17.82,22.14
"2025-06-29T21:06:09.874Z","CORE_DC_002","SMF_004",20,50,7.25,27.47,13.19,43.63,1.2349999999999999,0,0,10.47,22.14
"2025-06-29T21:06:09.874Z","AMF_008","SMF_005",18,500,10.02,38.19,27.72,35.08,1.33,0,0,24.35,19.59
"2025-06-29T21:06:09.874Z","SMF_002","SMF_005",27,100,52.36,38.19,35.11,35.08,1.56,1,0,29.06,19.59
"2025-06-29T21:06:09.874Z","gNB_005","SMF_006",27,1000,89.38,84.43,42.67,20.83,1.785,1,1,25.01,21.28
"2025-06-29T21:06:09.874Z","MONITOR_003","SMF_007",22,1000,33.3,90.52,34.36,51.73,2.145,1,2,26.18,27.39
"2025-06-29T21:06:09.874Z","MONITOR_004","SMF_007",18,50,38.96,90.52,40,51.73,1.665,0,2,19.29,27.39
"2025-06-29T21:06:09.874Z","gNB_010","EDGE_DC_001",15,200,6.13,6.62,32.86,46.02,1.42,0,0,13.25,19.7
"2025-06-29T21:06:09.874Z","SMF_007","EDGE_DC_002",28,500,90.52,83.46,51.73,57.31,1.865,2,1,27.39,22.11
"2025-06-29T21:06:09.874Z","CORE_DC_001","EDGE_DC_002",18,200,83.26,83.46,32.48,57.31,1.5150000000000001,1,1,14.56,22.11
"2025-06-29T21:06:09.874Z","FIREWALL_002","EDGE_DC_002",19,100,6.71,83.46,44.15,57.31,1.91,0,1,24.71,22.11
"2025-06-29T21:06:09.874Z","gNB_001","EDGE_DC_003",15,100,79.36,8.15,65.36,34.28,1.655,1,0,27.94,11.39
"2025-06-29T21:06:09.874Z","gNB_015","EDGE_DC_003",10,50,91.28,8.15,61.58,34.28,1.3599999999999999,2,0,13.3,11.39
"2025-06-29T21:06:09.874Z","SMF_003","EDGE_DC_004",21,1000,6.29,84.04,40.06,72.18,1.415,0,1,17.82,18.97
"2025-06-29T21:06:09.874Z","gNB_011","EDGE_DC_005",10,500,64.11,8.72,56.08,62.3,0.8150000000000001,0,0,16.83,10.22
"2025-06-29T21:06:09.874Z","UPF_004","EDGE_DC_005",17,500,89.38,8.72,87.73,62.3,0.92,1,0,24.76,10.22
"2025-06-29T21:06:09.874Z","SMF_001","EDGE_DC_005",16,100,83.65,8.72,50.78,62.3,1.045,1,0,20.79,10.22
"2025-06-29T21:06:09.874Z","FIREWALL_002","EDGE_DC_005",16,50,6.71,8.72,44.15,62.3,1.3399999999999999,0,0,24.71,10.22
"2025-06-29T21:06:09.874Z","MONITOR_005","EDGE_DC_005",5,50,91.66,8.72,61,62.3,0.96,2,0,10.04,10.22
"2025-06-29T21:06:09.874Z","AMF_008","EDGE_DC_006",24,1000,10.02,6.45,27.72,22.32,1.5550000000000002,0,1,24.35,26.07
"2025-06-29T21:06:09.874Z","EDGE_DC_001","EDGE_DC_006",25,50,6.62,6.45,46.02,22.32,1.62,0,1,19.7,26.07
"2025-06-29T21:06:09.874Z","gNB_016","EDGE_DC_007",22,200,5.65,8.62,15.13,18.43,1.115,0,1,12.29,26.61
"2025-06-29T21:06:09.874Z","EDGE_DC_002","EDGE_DC_007",20,100,83.46,8.62,57.31,18.43,1.51,1,1,22.11,26.61
"2025-06-29T21:06:09.874Z","AMF_006","EDGE_DC_008",55,100,89,41.29,58.6,53.68,3.295,1,2,28.36,78.12
"2025-06-29T21:06:09.874Z","FIREWALL_002","CORE_DC_001",19,500,6.71,83.26,44.15,32.48,1.755,0,1,24.71,14.56
"2025-06-29T21:06:09.874Z","MONITOR_001","CORE_DC_001",14,50,78.97,83.26,53.13,32.48,1.395,1,1,10.74,14.56
"2025-06-29T21:06:09.874Z","AMF_002","CORE_DC_002",18,200,86.34,7.25,30.97,13.19,1.205,1,0,21.68,10.47
"2025-06-29T21:06:09.874Z","EDGE_DC_003","CORE_DC_002",11,1000,8.15,7.25,34.28,13.19,1.2650000000000001,0,0,11.39,10.47
"2025-06-29T21:06:09.874Z","UPF_005","CORE_DC_003",15,100,9.52,8.15,34.41,15.28,1.4,0,0,19.36,18.92
"2025-06-29T21:06:09.874Z","UPF_006","CORE_DC_003",26,1000,83.65,8.15,22.2,15.28,1.815,1,0,25.82,18.92
"2025-06-29T21:06:09.874Z","SMF_007","CORE_DC_003",22,1000,90.52,8.15,51.73,15.28,1.935,2,0,27.39,18.92
"2025-06-29T21:06:09.874Z","EDGE_DC_002","CORE_DC_003",22,100,83.46,8.15,57.31,15.28,1.74,1,0,22.11,18.92
"2025-06-29T21:06:09.874Z","FIREWALL_001","CORE_DC_003",18,500,9.52,8.15,18.49,15.28,1.865,0,0,24.86,18.92
"2025-06-29T21:06:09.874Z","gNB_008","CORE_DC_004",13,500,9.22,77.02,21.99,45.91,1.53,0,1,15.95,14.13
"2025-06-29T21:06:09.874Z","CORE_DC_003","CORE_DC_004",14,200,8.15,77.02,15.28,45.91,1.65,0,1,18.92,14.13
"2025-06-29T21:06:09.874Z","MONITOR_003","CORE_DC_004",15,1000,33.3,77.02,34.36,45.91,1.8599999999999999,1,1,26.18,14.13
"2025-06-29T21:06:09.874Z","gNB_005","FIREWALL_001",23,200,89.38,9.52,42.67,18.49,1.9949999999999999,1,0,25.01,24.86
"2025-06-29T21:06:09.874Z","UPF_006","FIREWALL_001",20,1000,83.65,9.52,22.2,18.49,1.87,1,0,25.82,24.86
"2025-06-29T21:06:09.874Z","EDGE_DC_004","FIREWALL_002",24,500,84.04,6.71,72.18,44.15,1.845,1,0,18.97,24.71
"2025-06-29T21:06:09.874Z","EDGE_DC_006","FIREWALL_002",24,100,6.45,6.71,22.32,44.15,1.855,1,0,26.07,24.71
"2025-06-29T21:06:09.874Z","UPF_005","FIREWALL_003",15,100,9.52,39.61,34.41,12.96,1.04,0,0,19.36,11.23
"2025-06-29T21:06:09.874Z","gNB_001","FIREWALL_004",23,100,79.36,8.92,65.36,57.35,1.9249999999999998,1,1,27.94,25.99
"2025-06-29T21:06:09.874Z","gNB_017","FIREWALL_004",22,100,79.36,8.92,47.28,57.35,1.935,1,1,23.81,25.99
"2025-06-29T21:06:09.874Z","SMF_004","FIREWALL_004",26,500,27.47,8.92,43.63,57.35,1.58,0,1,22.14,25.99
"2025-06-29T21:06:09.874Z","gNB_004","MONITOR_001",11,1000,8.62,78.97,56.55,53.13,1.205,0,1,16.4,10.74
"2025-06-29T21:06:09.874Z","SMF_003","MONITOR_001",11,200,6.29,78.97,40.06,53.13,1.3599999999999999,0,1,17.82,10.74
"2025-06-29T21:06:09.874Z","gNB_004","MONITOR_002",15,100,8.62,6.37,56.55,49.84,1.065,0,0,16.4,22.4
"2025-06-29T21:06:09.874Z","AMF_001","MONITOR_002",22,50,10.14,6.37,32.4,49.84,1.2999999999999998,0,0,21.63,22.4
"2025-06-29T21:06:09.874Z","FIREWALL_005","MONITOR_002",27,50,6.89,6.37,38.94,49.84,1.525,1,0,26.41,22.4
"2025-06-29T21:06:09.874Z","gNB_002","MONITOR_003",25,50,6.62,33.3,18.86,34.36,2.06,0,1,21.32,26.18
"2025-06-29T21:06:09.874Z","gNB_016","MONITOR_003",17,100,5.65,33.3,15.13,34.36,1.555,0,1,12.29,26.18
"2025-06-29T21:06:09.874Z","SMF_003","MONITOR_003",17,500,6.29,33.3,40.06,34.36,1.76,0,1,17.82,26.18
"2025-06-29T21:06:09.874Z","SMF_001","MONITOR_004",22,500,83.65,38.96,50.78,40,1.415,1,0,20.79,19.29
"2025-06-29T21:06:09.874Z","gNB_013","MONITOR_005",6,500,72.96,91.66,19.98,61,1.3399999999999999,1,2,10.83,10.04
"2025-06-29T21:06:09.874Z","FIREWALL_001","MONITOR_005",20,100,9.52,91.66,18.49,61,1.6549999999999998,0,2,24.86,10.04
"2025-06-29T21:06:10.878Z","AMF_004","gNB_001",17,500,11.6,81.35,49.74,65.22,1.505,1,1,27.84,16.75
"2025-06-29T21:06:10.878Z","gNB_012","gNB_002",22,50,9.87,8.07,67.63,17.87,1.73,1,0,28.85,20.95
"2025-06-29T21:06:10.878Z","FIREWALL_001","gNB_002",20,100,11.27,8.07,18.38,17.87,1.35,0,0,14.68,20.95
"2025-06-29T21:06:10.878Z","FIREWALL_001","gNB_002",21,200,11.27,8.07,18.38,17.87,1.35,0,0,14.68,20.95
"2025-06-29T21:06:10.878Z","AMF_002","gNB_003",27,500,88.52,86.55,30.09,65.59,1.4849999999999999,1,1,23.44,26.01
"2025-06-29T21:06:10.878Z","FIREWALL_001","gNB_004",17,50,11.27,10.28,18.38,55.9,1.5299999999999998,0,1,14.68,27.94
"2025-06-29T21:06:10.878Z","FIREWALL_005","gNB_004",26,100,8.37,10.28,39.92,55.9,1.9649999999999999,0,1,23.43,27.94
"2025-06-29T21:06:10.878Z","gNB_002","gNB_005",14,200,8.07,91.64,17.87,43.27,1.45,0,2,20.95,13.43
"2025-06-29T21:06:10.878Z","AMF_001","gNB_005",12,200,11.95,91.64,32.71,43.27,1.15,0,2,10.52,13.43
"2025-06-29T21:06:10.878Z","MONITOR_004","gNB_005",15,200,40.88,91.64,39.15,43.27,1.1,0,2,11.07,13.43
"2025-06-29T21:06:10.878Z","gNB_009","gNB_006",22,200,11.49,91.25,54.73,50.05,1.27,0,2,20.72,23.68
"2025-06-29T21:06:10.878Z","gNB_006","gNB_007",27,100,91.25,91.25,50.05,27.66,1.505,2,2,23.68,24.68
"2025-06-29T21:06:10.878Z","UPF_001","gNB_008",17,100,50.84,10.94,33.81,21.15,1.665,0,0,17.74,23.33
"2025-06-29T21:06:10.878Z","MONITOR_003","gNB_008",20,50,35.16,10.94,34.52,21.15,1.4300000000000002,0,0,15.13,23.33
"2025-06-29T21:06:10.878Z","gNB_012","gNB_009",24,100,9.87,11.49,67.63,54.73,1.3199999999999998,1,0,28.85,20.72
"2025-06-29T21:06:10.878Z","EDGE_DC_004","gNB_009",19,50,86.15,11.49,71.34,54.73,1.44,1,0,28.93,20.72
"2025-06-29T21:06:10.878Z","EDGE_DC_006","gNB_009",22,1000,7.88,11.49,22.57,54.73,1.1349999999999998,0,0,20.24,20.72
"2025-06-29T21:06:10.878Z","FIREWALL_005","gNB_009",20,100,8.37,11.49,39.92,54.73,1.375,0,0,23.43,20.72
"2025-06-29T21:06:10.878Z","FIREWALL_005","gNB_009",23,50,8.37,11.49,39.92,54.73,1.375,0,0,23.43,20.72
"2025-06-29T21:06:10.878Z","AMF_007","gNB_010",28,200,8.67,7.52,47.99,33.47,1.67,1,0,27.88,21.56
"2025-06-29T21:06:10.878Z","gNB_013","gNB_012",26,500,74.93,9.87,19.98,67.63,1.73,1,1,22.71,28.85
"2025-06-29T21:06:10.878Z","SMF_003","gNB_012",23,100,7.7,9.87,40.76,67.63,1.705,0,1,21.31,28.85
"2025-06-29T21:06:10.878Z","CORE_DC_003","gNB_012",25,100,9.77,9.87,14.5,67.63,1.17,0,1,14.48,28.85
"2025-06-29T21:06:10.878Z","gNB_009","gNB_013",22,200,11.49,74.93,54.73,19.98,1.5499999999999998,0,1,20.72,22.71
"2025-06-29T21:06:10.878Z","gNB_013","gNB_014",23,1000,74.93,86.15,19.98,58.91,1.9,1,1,22.71,22.19
"2025-06-29T21:06:10.878Z","UPF_010","gNB_014",21,100,29.62,86.15,43.74,58.91,1.87,1,1,25.57,22.19
"2025-06-29T21:06:10.878Z","gNB_002","gNB_015",19,50,8.07,93.59,17.87,60.85,1.87,0,2,20.95,19.87
"2025-06-29T21:06:10.878Z","gNB_009","gNB_015",22,500,11.49,93.59,54.73,60.85,1.46,0,2,20.72,19.87
"2025-06-29T21:06:10.878Z","gNB_013","gNB_015",23,500,74.93,93.59,19.98,60.85,1.87,1,2,22.71,19.87
"2025-06-29T21:06:10.878Z","gNB_017","gNB_015",15,100,81.35,93.59,46.54,60.85,1.355,1,2,11.84,19.87
"2025-06-29T21:06:10.878Z","MONITOR_004","gNB_015",18,1000,40.88,93.59,39.15,60.85,1.52,0,2,11.07,19.87
"2025-06-29T21:06:10.878Z","AMF_003","gNB_016",16,50,49.35,6.98,18.38,15.74,1.355,0,0,18.34,22.17
"2025-06-29T21:06:10.878Z","AMF_008","gNB_016",24,100,11.82,6.98,27.22,15.74,1.73,0,0,20.82,22.17
"2025-06-29T21:06:10.878Z","SMF_003","gNB_016",16,100,7.7,6.98,40.76,15.74,1.825,0,0,21.31,22.17
"2025-06-29T21:06:10.878Z","gNB_001","gNB_018",39,1000,81.35,89.3,65.22,48.53,2.605,1,2,16.75,61.01
"2025-06-29T21:06:10.878Z","gNB_016","gNB_018",42,500,6.98,89.3,15.74,48.53,2.68,0,2,22.17,61.01
"2025-06-29T21:06:10.878Z","UPF_003","gNB_018",41,500,81.75,89.3,82.2,48.53,2.615,1,2,21.32,61.01
"2025-06-29T21:06:10.878Z","AMF_001","gNB_018",32,50,11.95,89.3,32.71,48.53,2.49,0,2,10.52,61.01
"2025-06-29T21:06:10.878Z","SMF_002","gNB_018",39,100,54.35,89.3,36.1,48.53,2.46,0,2,13.8,61.01
"2025-06-29T21:06:10.878Z","gNB_020","gNB_019",20,500,93.59,11.82,74.47,17.23,1.51,2,0,29.58,12.14
"2025-06-29T21:06:10.878Z","gNB_009","gNB_020",29,200,11.49,93.59,54.73,74.47,1.565,0,2,20.72,29.58
"2025-06-29T21:06:10.878Z","gNB_015","gNB_020",20,1000,93.59,93.59,60.85,74.47,1.885,2,2,19.87,29.58
"2025-06-29T21:06:10.878Z","UPF_002","gNB_020",20,100,10.39,93.59,28.55,74.47,1.71,0,2,20.79,29.58
"2025-06-29T21:06:10.878Z","AMF_002","gNB_020",23,500,88.52,93.59,30.09,74.47,1.76,1,2,23.44,29.58
"2025-06-29T21:06:10.878Z","EDGE_DC_003","gNB_020",22,200,9.77,93.59,34.4,74.47,1.45,0,2,17.62,29.58
"2025-06-29T21:06:10.878Z","EDGE_DC_004","gNB_020",26,200,86.15,93.59,71.34,74.47,1.865,1,2,28.93,29.58
"2025-06-29T21:06:10.878Z","FIREWALL_001","gNB_020",24,1000,11.27,93.59,18.38,74.47,1.365,0,2,14.68,29.58
"2025-06-29T21:06:10.878Z","gNB_006","UPF_001",20,200,91.25,50.84,50.05,33.81,1.605,2,0,23.68,17.74
"2025-06-29T21:06:10.878Z","EDGE_DC_003","UPF_002",21,500,9.77,10.39,34.4,28.55,1.17,0,0,17.62,20.79
"2025-06-29T21:06:10.878Z","gNB_002","UPF_003",21,1000,8.07,81.75,17.87,82.2,1.7850000000000001,0,1,20.95,21.32
"2025-06-29T21:06:10.878Z","gNB_003","UPF_003",25,500,86.55,81.75,65.59,82.2,1.525,1,1,26.01,21.32
"2025-06-29T21:06:10.878Z","EDGE_DC_005","UPF_003",20,1000,10.39,81.75,63.16,82.2,1.775,1,1,26.36,21.32
"2025-06-29T21:06:10.878Z","MONITOR_002","UPF_004",27,200,7.79,91.64,48.99,87.63,1.685,0,2,24.65,21.67
"2025-06-29T21:06:10.878Z","UPF_008","UPF_005",18,500,7.7,11.27,3.97,34.01,0.895,0,0,22.83,11.05
"2025-06-29T21:06:10.878Z","AMF_004","UPF_005",24,200,11.6,11.27,49.74,34.01,1.035,1,0,27.84,11.05
"2025-06-29T21:06:10.878Z","gNB_007","UPF_006",24,50,91.25,85.75,27.66,21.65,1.63,2,1,24.68,27.66
"2025-06-29T21:06:10.878Z","AMF_007","UPF_006",22,500,8.67,85.75,47.99,21.65,1.525,1,1,27.88,27.66
"2025-06-29T21:06:10.878Z","SMF_006","UPF_006",26,50,86.55,85.75,21.42,21.65,1.4849999999999999,1,1,21.78,27.66
"2025-06-29T21:06:10.878Z","gNB_012","UPF_008",29,100,9.87,7.7,67.63,3.97,1.3199999999999998,1,0,28.85,22.83
"2025-06-29T21:06:10.878Z","UPF_004","UPF_008",25,1000,91.64,7.7,87.63,3.97,1.5299999999999998,2,0,21.67,22.83
"2025-06-29T21:06:10.878Z","SMF_007","UPF_008",18,200,92.81,7.7,50.89,3.97,1.06,2,0,15.05,22.83
"2025-06-29T21:06:10.878Z","gNB_017","UPF_009",12,500,81.35,8.87,46.54,38.05,1.2,1,0,11.84,14.37
"2025-06-29T21:06:10.878Z","UPF_010","UPF_009",22,200,29.62,8.87,43.74,38.05,1.685,1,0,25.57,14.37
"2025-06-29T21:06:10.878Z","SMF_007","UPF_009",12,500,92.81,8.87,50.89,38.05,1.225,2,0,15.05,14.37
"2025-06-29T21:06:10.878Z","EDGE_DC_006","UPF_009",21,100,7.88,8.87,22.57,38.05,1.2999999999999998,0,0,20.24,14.37
"2025-06-29T21:06:10.878Z","FIREWALL_005","UPF_009",23,1000,8.37,8.87,39.92,38.05,1.54,0,0,23.43,14.37
"2025-06-29T21:06:10.878Z","UPF_007","UPF_010",24,200,34.5,29.62,47.57,43.74,1.775,0,1,22.52,25.57
"2025-06-29T21:06:10.878Z","MONITOR_004","UPF_010",16,100,40.88,29.62,39.15,43.74,1.58,0,1,11.07,25.57
"2025-06-29T21:06:10.878Z","AMF_008","AMF_001",16,1000,11.82,11.95,27.22,32.71,1.54,0,0,20.82,10.52
"2025-06-29T21:06:10.878Z","gNB_019","AMF_002",14,50,11.82,88.52,17.23,30.09,1.28,0,1,12.14,23.44
"2025-06-29T21:06:10.878Z","UPF_003","AMF_002",20,500,81.75,88.52,82.2,30.09,1.57,1,1,21.32,23.44
"2025-06-29T21:06:10.878Z","UPF_009","AMF_002",15,500,8.87,88.52,38.05,30.09,1.5,0,1,14.37,23.44
"2025-06-29T21:06:10.878Z","FIREWALL_005","AMF_002",22,200,8.37,88.52,39.92,30.09,1.57,0,1,23.43,23.44
"2025-06-29T21:06:10.878Z","UPF_008","AMF_003",16,100,7.7,49.35,3.97,18.38,1.055,0,0,22.83,18.34
"2025-06-29T21:06:10.878Z","gNB_005","AMF_004",19,500,91.64,11.6,43.27,49.74,1.18,2,1,13.43,27.84
"2025-06-29T21:06:10.878Z","AMF_007","AMF_004",30,500,8.67,11.6,47.99,49.74,1.41,1,1,27.88,27.84
"2025-06-29T21:06:10.878Z","CORE_DC_003","AMF_004",26,500,9.77,11.6,14.5,49.74,1.13,0,1,14.48,27.84
"2025-06-29T21:06:10.878Z","FIREWALL_001","AMF_005",11,500,11.27,6.98,18.38,65.27,0.87,0,0,14.68,16.44
"2025-06-29T21:06:10.878Z","CORE_DC_001","AMF_006",31,200,85.35,91.25,33.22,58.92,1.55,1,2,25.36,29.96
"2025-06-29T21:06:10.878Z","CORE_DC_003","AMF_006",25,500,9.77,91.25,14.5,58.92,1.18,0,2,14.48,29.96
"2025-06-29T21:06:10.878Z","CORE_DC_004","AMF_006",22,100,78.95,91.25,46.36,58.92,1.1600000000000001,1,2,11.54,29.96
"2025-06-29T21:06:10.878Z","gNB_006","AMF_008",17,50,91.25,11.82,50.05,27.22,1.56,2,0,23.68,20.82
"2025-06-29T21:06:10.878Z","gNB_011","AMF_008",18,200,66.03,11.82,55.28,27.22,1.43,0,0,10.17,20.82
"2025-06-29T21:06:10.878Z","gNB_015","AMF_008",18,500,93.59,11.82,60.85,27.22,1.75,2,0,19.87,20.82
"2025-06-29T21:06:10.878Z","gNB_015","SMF_001",16,200,93.59,85.75,60.85,51.19,1.665,2,1,19.87,12.13
"2025-06-29T21:06:10.878Z","gNB_015","SMF_001",19,100,93.59,85.75,60.85,51.19,1.665,2,1,19.87,12.13
"2025-06-29T21:06:10.878Z","SMF_007","SMF_001",17,500,92.81,85.75,50.89,51.19,1.2650000000000001,2,1,15.05,12.13
"2025-06-29T21:06:10.878Z","CORE_DC_004","SMF_001",9,200,78.95,85.75,46.36,51.19,1.175,1,1,11.54,12.13
"2025-06-29T21:06:10.878Z","FIREWALL_004","SMF_001",17,1000,10.61,85.75,58.04,51.19,1.665,0,1,20.88,12.13
"2025-06-29T21:06:10.878Z","gNB_009","SMF_002",15,1000,11.49,54.35,54.73,36.1,1.22,0,0,20.72,13.8
"2025-06-29T21:06:10.878Z","gNB_010","SMF_002",18,500,7.52,54.35,33.47,36.1,1.62,0,0,21.56,13.8
"2025-06-29T21:06:10.878Z","UPF_003","SMF_002",19,200,81.75,54.35,82.2,36.1,1.455,1,0,21.32,13.8
"2025-06-29T21:06:10.878Z","UPF_003","SMF_003",23,100,81.75,7.7,82.2,40.76,1.76,1,0,21.32,21.31
"2025-06-29T21:06:10.878Z","AMF_003","SMF_003",15,200,49.35,7.7,18.38,40.76,1.44,0,0,18.34,21.31
"2025-06-29T21:06:10.878Z","AMF_004","SMF_004",36,500,11.6,29.35,49.74,43,2.075,1,1,27.84,48.35
"2025-06-29T21:06:10.878Z","SMF_003","SMF_004",37,500,7.7,29.35,40.76,43,2.32,0,1,21.31,48.35
"2025-06-29T21:06:10.878Z","CORE_DC_002","SMF_004",42,100,8.77,29.35,12.82,43,2.475,1,1,29.56,48.35
"2025-06-29T21:06:10.878Z","AMF_008","SMF_005",16,200,11.82,40.08,27.22,35.49,1.2650000000000001,0,0,20.82,10.84
"2025-06-29T21:06:10.878Z","SMF_002","SMF_005",15,1000,54.35,40.08,36.1,35.49,1.0550000000000002,0,0,13.8,10.84
"2025-06-29T21:06:10.878Z","gNB_005","SMF_006",14,50,91.64,86.55,43.27,21.42,1.13,2,1,13.43,21.78
"2025-06-29T21:06:10.878Z","MONITOR_003","SMF_007",15,100,35.16,92.81,34.52,50.89,1.1600000000000001,0,2,15.13,15.05
"2025-06-29T21:06:10.878Z","MONITOR_004","SMF_007",14,500,40.88,92.81,39.15,50.89,1.12,0,2,11.07,15.05
"2025-06-29T21:06:10.878Z","gNB_010","EDGE_DC_001",18,1000,7.52,8.07,33.47,46.58,1.425,0,0,21.56,16.64
"2025-06-29T21:06:10.878Z","SMF_007","EDGE_DC_002",20,1000,92.81,85.57,50.89,57.67,1.175,2,1,15.05,19.9
"2025-06-29T21:06:10.878Z","CORE_DC_001","EDGE_DC_002",21,50,85.35,85.57,33.22,57.67,1.475,1,1,25.36,19.9
"2025-06-29T21:06:10.878Z","FIREWALL_002","EDGE_DC_002",21,50,8.17,85.57,43.25,57.67,1.5350000000000001,1,1,25.52,19.9
"2025-06-29T21:06:10.878Z","gNB_001","EDGE_DC_003",17,500,81.35,9.77,65.22,34.4,1.25,1,0,16.75,17.62
"2025-06-29T21:06:10.878Z","gNB_015","EDGE_DC_003",15,50,93.59,9.77,60.85,34.4,1.345,2,0,19.87,17.62
"2025-06-29T21:06:10.878Z","SMF_003","EDGE_DC_004",26,500,7.7,86.15,40.76,71.34,1.825,0,1,21.31,28.93
"2025-06-29T21:06:10.878Z","gNB_011","EDGE_DC_005",21,100,66.03,10.39,55.28,63.16,1.54,0,1,10.17,26.36
"2025-06-29T21:06:10.878Z","UPF_004","EDGE_DC_005",27,50,91.64,10.39,87.63,63.16,1.93,2,1,21.67,26.36
"2025-06-29T21:06:10.878Z","SMF_001","EDGE_DC_005",22,100,85.75,10.39,51.19,63.16,1.745,1,1,12.13,26.36
"2025-06-29T21:06:10.878Z","FIREWALL_002","EDGE_DC_005",25,1000,8.17,10.39,43.25,63.16,1.8199999999999998,1,1,25.52,26.36
"2025-06-29T21:06:10.878Z","MONITOR_005","EDGE_DC_005",22,50,93.98,10.39,60.37,63.16,1.7149999999999999,2,1,11.27,26.36
"2025-06-29T21:06:10.878Z","AMF_008","EDGE_DC_006",18,200,11.82,7.88,27.22,22.57,1.4249999999999998,0,0,20.82,20.24
"2025-06-29T21:06:10.878Z","EDGE_DC_001","EDGE_DC_006",19,200,8.07,7.88,46.58,22.57,1.02,0,0,16.64,20.24
"2025-06-29T21:06:10.878Z","gNB_016","EDGE_DC_007",19,50,6.98,10.28,15.74,19.27,1.5699999999999998,0,0,22.17,23.77
"2025-06-29T21:06:10.878Z","EDGE_DC_002","EDGE_DC_007",18,200,85.57,10.28,57.67,19.27,1.385,1,0,19.9,23.77
"2025-06-29T21:06:10.878Z","AMF_006","EDGE_DC_008",23,500,91.25,43.2,58.92,54.17,1.275,2,0,29.96,20.59
"2025-06-29T21:06:10.878Z","FIREWALL_002","CORE_DC_001",27,500,8.17,85.35,43.25,33.22,1.6400000000000001,1,1,25.52,25.36
"2025-06-29T21:06:10.878Z","MONITOR_001","CORE_DC_001",22,100,80.95,85.35,52.81,33.22,1.71,1,1,27.12,25.36
"2025-06-29T21:06:10.878Z","AMF_002","CORE_DC_002",22,200,88.52,8.77,30.09,12.82,1.875,1,1,23.44,29.56
"2025-06-29T21:06:10.878Z","EDGE_DC_003","CORE_DC_002",19,1000,9.77,8.77,34.4,12.82,1.5650000000000002,0,1,17.62,29.56
"2025-06-29T21:06:10.878Z","UPF_005","CORE_DC_003",12,50,11.27,9.77,34.01,14.5,0.745,0,0,11.05,14.48
"2025-06-29T21:06:10.878Z","UPF_006","CORE_DC_003",25,200,85.75,9.77,21.65,14.5,1.2449999999999999,1,0,27.66,14.48
"2025-06-29T21:06:10.878Z","SMF_007","CORE_DC_003",17,500,92.81,9.77,50.89,14.5,0.9099999999999999,2,0,15.05,14.48
"2025-06-29T21:06:10.878Z","EDGE_DC_002","CORE_DC_003",12,1000,85.57,9.77,57.67,14.5,1.105,1,0,19.9,14.48
"2025-06-29T21:06:10.878Z","FIREWALL_001","CORE_DC_003",17,500,11.27,9.77,18.38,14.5,0.79,0,0,14.68,14.48
"2025-06-29T21:06:10.878Z","gNB_008","CORE_DC_004",18,100,10.94,78.95,21.15,46.36,1.1600000000000001,0,1,23.33,11.54
"2025-06-29T21:06:10.878Z","CORE_DC_003","CORE_DC_004",17,1000,9.77,78.95,14.5,46.36,0.8200000000000001,0,1,14.48,11.54
"2025-06-29T21:06:10.878Z","MONITOR_003","CORE_DC_004",10,100,35.16,78.95,34.52,46.36,1.07,0,1,15.13,11.54
"2025-06-29T21:06:10.878Z","gNB_005","FIREWALL_001",11,500,91.64,11.27,43.27,18.38,0.84,2,0,13.43,14.68
"2025-06-29T21:06:10.878Z","UPF_006","FIREWALL_001",17,100,85.75,11.27,21.65,18.38,1.1949999999999998,1,0,27.66,14.68
"2025-06-29T21:06:10.878Z","EDGE_DC_004","FIREWALL_002",30,100,86.15,8.17,71.34,43.25,1.72,1,1,28.93,25.52
"2025-06-29T21:06:10.878Z","EDGE_DC_006","FIREWALL_002",23,500,7.88,8.17,22.57,43.25,1.415,0,1,20.24,25.52
"2025-06-29T21:06:10.878Z","UPF_005","FIREWALL_003",16,1000,11.27,41.52,34.01,13.44,0.7,0,0,11.05,15.06
"2025-06-29T21:06:10.878Z","gNB_001","FIREWALL_004",15,200,81.35,10.61,65.22,58.04,1.685,1,0,16.75,20.88
"2025-06-29T21:06:10.878Z","gNB_017","FIREWALL_004",15,200,81.35,10.61,46.54,58.04,1.355,1,0,11.84,20.88
"2025-06-29T21:06:10.878Z","SMF_004","FIREWALL_004",35,1000,29.35,10.61,43,58.04,2.255,1,0,48.35,20.88
"2025-06-29T21:06:10.878Z","gNB_004","MONITOR_001",32,100,10.28,80.95,55.9,52.81,2.08,1,1,27.94,27.12
"2025-06-29T21:06:10.878Z","SMF_003","MONITOR_001",22,500,7.7,80.95,40.76,52.81,1.875,0,1,21.31,27.12
"2025-06-29T21:06:10.878Z","gNB_004","MONITOR_002",28,50,10.28,7.79,55.9,48.99,1.8849999999999998,1,0,27.94,24.65
"2025-06-29T21:06:10.878Z","AMF_001","MONITOR_002",14,1000,11.95,7.79,32.71,48.99,1.405,0,0,10.52,24.65
"2025-06-29T21:06:10.878Z","FIREWALL_005","MONITOR_002",28,50,8.37,7.79,39.92,48.99,1.53,0,0,23.43,24.65
"2025-06-29T21:06:10.878Z","gNB_002","MONITOR_003",15,100,8.07,35.16,17.87,34.52,1.65,0,0,20.95,15.13
"2025-06-29T21:06:10.878Z","gNB_016","MONITOR_003",20,50,6.98,35.16,15.74,34.52,1.54,0,0,22.17,15.13
"2025-06-29T21:06:10.878Z","SMF_003","MONITOR_003",18,50,7.7,35.16,40.76,34.52,1.625,0,0,21.31,15.13
"2025-06-29T21:06:10.878Z","SMF_001","MONITOR_004",16,200,85.75,40.88,51.19,39.15,1.405,1,0,12.13,11.07
"2025-06-29T21:06:10.878Z","gNB_013","MONITOR_005",21,50,74.93,93.98,19.98,60.37,1.725,1,2,22.71,11.27
"2025-06-29T21:06:10.878Z","FIREWALL_001","MONITOR_005",12,50,11.27,93.98,18.38,60.37,1.115,0,2,14.68,11.27
"2025-06-29T21:06:11.891Z","AMF_004","gNB_001",50,50,13.47,83.43,49.23,65.49,2.78,1,2,26.43,67.78
"2025-06-29T21:06:11.891Z","gNB_012","gNB_002",13,1000,11.57,9.59,68.21,18.69,1.05,0,0,18.28,13.78
"2025-06-29T21:06:11.891Z","FIREWALL_001","gNB_002",17,200,13.11,9.59,18.73,18.69,1.205,0,0,24.67,13.78
"2025-06-29T21:06:11.891Z","FIREWALL_001","gNB_002",16,50,13.11,9.59,18.73,18.69,1.205,0,0,24.67,13.78
"2025-06-29T21:06:11.891Z","AMF_002","gNB_003",16,200,90.77,88.76,30.73,65.5,1.56,2,1,21.12,18.41
"2025-06-29T21:06:11.891Z","FIREWALL_001","gNB_004",29,50,13.11,12.03,18.73,55.48,1.65,0,1,24.67,26.82
"2025-06-29T21:06:11.891Z","FIREWALL_005","gNB_004",19,1000,9.92,12.03,39.01,55.48,1.47,0,1,18.75,26.82
"2025-06-29T21:06:11.891Z","gNB_002","gNB_005",13,500,9.59,93.97,18.69,43.66,1.195,0,2,13.78,17.98
"2025-06-29T21:06:11.891Z","AMF_001","gNB_005",13,100,13.85,93.97,32.61,43.66,1.6400000000000001,0,2,18.73,17.98
"2025-06-29T21:06:11.891Z","MONITOR_004","gNB_005",27,200,42.88,93.97,38.28,43.66,1.5,1,2,29.07,17.98
"2025-06-29T21:06:11.891Z","gNB_009","gNB_006",24,500,13.35,93.57,54.11,50.46,1.935,0,2,21.46,27.84
"2025-06-29T21:06:11.891Z","gNB_006","gNB_007",21,1000,93.57,93.57,50.46,27.88,1.69,2,2,27.84,16.56
"2025-06-29T21:06:11.891Z","UPF_001","gNB_008",24,50,52.86,12.75,33.66,21.34,1.5099999999999998,0,0,20.91,22.51
"2025-06-29T21:06:11.891Z","MONITOR_003","gNB_008",22,100,37.1,12.75,34.73,21.34,1.6349999999999998,0,0,20.97,22.51
"2025-06-29T21:06:11.891Z","gNB_012","gNB_009",19,200,11.57,13.35,68.21,54.11,1.455,0,0,18.28,21.46
"2025-06-29T21:06:11.891Z","EDGE_DC_004","gNB_009",25,100,88.35,13.35,71.85,54.11,1.5899999999999999,1,0,22.43,21.46
"2025-06-29T21:06:11.891Z","EDGE_DC_006","gNB_009",24,1000,9.38,13.35,21.9,54.11,1.955,1,0,26.68,21.46
"2025-06-29T21:06:11.891Z","FIREWALL_005","gNB_009",20,200,9.92,13.35,39.01,54.11,1.43,0,0,18.75,21.46
"2025-06-29T21:06:11.891Z","FIREWALL_005","gNB_009",15,1000,9.92,13.35,39.01,54.11,1.43,0,0,18.75,21.46
"2025-06-29T21:06:11.891Z","AMF_007","gNB_010",10,1000,10.25,8.98,48.09,33.5,1.4849999999999999,0,0,11.21,12.4
"2025-06-29T21:06:11.891Z","gNB_013","gNB_012",15,100,76.98,11.57,20.06,68.21,1.1600000000000001,1,0,10.07,18.28
"2025-06-29T21:06:11.891Z","SMF_003","gNB_012",24,1000,9.18,11.57,40.13,68.21,1.3399999999999999,0,0,20,18.28
"2025-06-29T21:06:11.891Z","CORE_DC_003","gNB_012",18,100,11.46,11.57,14.75,68.21,1.56,0,0,22.27,18.28
"2025-06-29T21:06:11.891Z","gNB_009","gNB_013",20,1000,13.35,76.98,54.11,20.06,1.375,0,1,21.46,10.07
"2025-06-29T21:06:11.891Z","gNB_013","gNB_014",14,50,76.98,88.35,20.06,59.25,1.05,1,1,10.07,11.08
"2025-06-29T21:06:11.891Z","UPF_010","gNB_014",13,200,31.56,88.35,43.12,59.25,1.135,0,1,13.18,11.08
"2025-06-29T21:06:11.891Z","gNB_002","gNB_015",22,100,9.59,95.97,18.69,60.01,1.23,0,2,13.78,23.4
"2025-06-29T21:06:11.891Z","gNB_009","gNB_015",20,50,13.35,95.97,54.11,60.01,1.635,0,2,21.46,23.4
"2025-06-29T21:06:11.891Z","gNB_013","gNB_015",18,1000,76.98,95.97,20.06,60.01,1.34,1,2,10.07,23.4
"2025-06-29T21:06:11.891Z","gNB_017","gNB_015",19,500,83.43,95.97,46.71,60.01,1.6,1,2,23.23,23.4
"2025-06-29T21:06:11.891Z","MONITOR_004","gNB_015",25,1000,42.88,95.97,38.28,60.01,1.5350000000000001,1,2,29.07,23.4
"2025-06-29T21:06:11.891Z","AMF_003","gNB_016",26,50,51.39,8.38,19,15.83,1.575,1,0,28.62,22.76
"2025-06-29T21:06:11.891Z","AMF_008","gNB_016",40,1000,13.71,8.38,28.15,15.83,2.3899999999999997,2,0,57.77,22.76
"2025-06-29T21:06:11.891Z","SMF_003","gNB_016",20,100,9.18,8.38,40.13,15.83,1.43,0,0,20,22.76
"2025-06-29T21:06:11.891Z","gNB_001","gNB_018",41,50,83.43,91.57,65.49,48.92,2.5,2,2,67.78,10.65
"2025-06-29T21:06:11.891Z","gNB_016","gNB_018",15,500,8.38,91.57,15.83,48.92,1.26,0,2,22.76,10.65
"2025-06-29T21:06:11.891Z","UPF_003","gNB_018",8,50,83.84,91.57,82.41,48.92,1.2650000000000001,1,2,10.82,10.65
"2025-06-29T21:06:11.891Z","AMF_001","gNB_018",15,50,13.85,91.57,32.61,48.92,1.425,0,2,18.73,10.65
"2025-06-29T21:06:11.891Z","SMF_002","gNB_018",19,200,56.41,91.57,36.29,48.92,1.4100000000000001,0,2,21.77,10.65
"2025-06-29T21:06:11.891Z","gNB_020","gNB_019",27,1000,95.97,13.71,73.98,17.87,2.29,2,0,45.64,17.34
"2025-06-29T21:06:11.891Z","gNB_009","gNB_020",31,50,13.35,95.97,54.11,73.98,2.465,0,2,21.46,45.64
"2025-06-29T21:06:11.891Z","gNB_015","gNB_020",37,200,95.97,95.97,60.01,73.98,2.4299999999999997,2,2,23.4,45.64
"2025-06-29T21:06:11.891Z","UPF_002","gNB_020",33,500,12.15,95.97,29.18,73.98,2.455,1,2,25.56,45.64
"2025-06-29T21:06:11.891Z","AMF_002","gNB_020",37,500,90.77,95.97,30.73,73.98,2.5949999999999998,2,2,21.12,45.64
"2025-06-29T21:06:11.891Z","EDGE_DC_003","gNB_020",30,1000,11.46,95.97,35.02,73.98,2.3899999999999997,0,2,18.09,45.64
"2025-06-29T21:06:11.891Z","EDGE_DC_004","gNB_020",33,500,88.35,95.97,71.85,73.98,2.385,1,2,22.43,45.64
"2025-06-29T21:06:11.891Z","FIREWALL_001","gNB_020",34,1000,13.11,95.97,18.73,73.98,2.405,0,2,24.67,45.64
"2025-06-29T21:06:11.891Z","gNB_006","UPF_001",23,500,93.57,52.86,50.46,33.66,1.79,2,0,27.84,20.91
"2025-06-29T21:06:11.891Z","EDGE_DC_003","UPF_002",26,1000,11.46,12.15,35.02,29.18,1.585,0,1,18.09,25.56
"2025-06-29T21:06:11.891Z","gNB_002","UPF_003",7,500,9.59,83.84,18.69,82.41,1.145,0,1,13.78,10.82
"2025-06-29T21:06:11.891Z","gNB_003","UPF_003",13,500,88.76,83.84,65.5,82.41,1.31,1,1,18.41,10.82
"2025-06-29T21:06:11.891Z","EDGE_DC_005","UPF_003",14,500,12.15,83.84,62.55,82.41,1.555,0,1,15.26,10.82
"2025-06-29T21:06:11.891Z","MONITOR_002","UPF_004",25,50,9.28,93.97,48,88.5,1.6099999999999999,1,2,25.33,22.35
"2025-06-29T21:06:11.891Z","UPF_008","UPF_005",15,1000,9.18,13.11,4.95,33.61,0.89,0,0,13.65,12.49
"2025-06-29T21:06:11.891Z","AMF_004","UPF_005",18,100,13.47,13.11,49.23,33.61,1.265,1,0,26.43,12.49
"2025-06-29T21:06:11.891Z","gNB_007","UPF_006",19,50,93.57,87.94,27.88,21.73,1.3900000000000001,2,1,16.56,13.63
"2025-06-29T21:06:11.891Z","AMF_007","UPF_006",12,500,10.25,87.94,48.09,21.73,1.5350000000000001,0,1,11.21,13.63
"2025-06-29T21:06:11.891Z","SMF_006","UPF_006",24,50,88.76,87.94,21.05,21.73,1.905,1,1,27.5,13.63
"2025-06-29T21:06:11.891Z","gNB_012","UPF_008",13,1000,11.57,9.18,68.21,4.95,1.075,0,0,18.28,13.65
"2025-06-29T21:06:11.891Z","UPF_004","UPF_008",16,1000,93.97,9.18,88.5,4.95,1.285,2,0,22.35,13.65
"2025-06-29T21:06:11.891Z","SMF_007","UPF_008",20,500,95.17,9.18,49.99,4.95,1.215,2,0,21.29,13.65
"2025-06-29T21:06:11.891Z","gNB_017","UPF_009",30,200,83.43,10.47,46.71,37.54,1.86,1,1,23.23,29.22
"2025-06-29T21:06:11.891Z","UPF_010","UPF_009",19,50,31.56,10.47,43.12,37.54,1.685,0,1,13.18,29.22
"2025-06-29T21:06:11.891Z","SMF_007","UPF_009",27,1000,95.17,10.47,49.99,37.54,1.82,2,1,21.29,29.22
"2025-06-29T21:06:11.891Z","EDGE_DC_006","UPF_009",25,1000,9.38,10.47,21.9,37.54,2.18,1,1,26.68,29.22
"2025-06-29T21:06:11.891Z","FIREWALL_005","UPF_009",21,200,9.92,10.47,39.01,37.54,1.655,0,1,18.75,29.22
"2025-06-29T21:06:11.891Z","UPF_007","UPF_010",20,200,36.45,31.56,48.5,43.12,1.4449999999999998,0,0,23.92,13.18
"2025-06-29T21:06:11.891Z","MONITOR_004","UPF_010",18,200,42.88,31.56,38.28,43.12,1.3599999999999999,1,0,29.07,13.18
"2025-06-29T21:06:11.891Z","AMF_008","AMF_001",38,1000,13.71,13.85,28.15,32.61,2.5549999999999997,2,0,57.77,18.73
"2025-06-29T21:06:11.891Z","gNB_019","AMF_002",16,1000,13.71,90.77,17.87,30.73,1.625,0,2,17.34,21.12
"2025-06-29T21:06:11.891Z","UPF_003","AMF_002",18,200,83.84,90.77,82.41,30.73,1.68,1,2,10.82,21.12
"2025-06-29T21:06:11.891Z","UPF_009","AMF_002",26,200,10.47,90.77,37.54,30.73,2.025,1,2,29.22,21.12
"2025-06-29T21:06:11.891Z","FIREWALL_005","AMF_002",17,1000,9.92,90.77,39.01,30.73,1.56,0,2,18.75,21.12
"2025-06-29T21:06:11.891Z","UPF_008","AMF_003",17,200,9.18,51.39,4.95,19,1.32,0,1,13.65,28.62
"2025-06-29T21:06:11.891Z","gNB_005","AMF_004",20,1000,93.97,13.47,43.66,49.23,1.595,2,1,17.98,26.43
"2025-06-29T21:06:11.891Z","AMF_007","AMF_004",17,500,10.25,13.47,48.09,49.23,1.565,0,1,11.21,26.43
"2025-06-29T21:06:11.891Z","CORE_DC_003","AMF_004",22,100,11.46,13.47,14.75,49.23,1.77,0,1,22.27,26.43
"2025-06-29T21:06:11.891Z","FIREWALL_001","AMF_005",30,1000,13.11,8.38,18.73,65.43,1.795,0,1,24.67,29.88
"2025-06-29T21:06:11.891Z","CORE_DC_001","AMF_006",22,500,87.53,93.57,32.84,58.08,1.605,1,2,29.12,11.63
"2025-06-29T21:06:11.891Z","CORE_DC_003","AMF_006",17,1000,11.46,93.57,14.75,58.08,1.3399999999999999,0,2,22.27,11.63
"2025-06-29T21:06:11.891Z","CORE_DC_004","AMF_006",21,200,80.97,93.57,46.76,58.08,1.045,1,2,22.95,11.63
"2025-06-29T21:06:11.891Z","gNB_006","AMF_008",43,200,93.57,13.71,50.46,28.15,2.7800000000000002,2,2,27.84,57.77
"2025-06-29T21:06:11.891Z","gNB_011","AMF_008",31,1000,68.03,13.71,55.52,28.15,2.04,0,2,13.92,57.77
"2025-06-29T21:06:11.891Z","gNB_015","AMF_008",42,200,95.97,13.71,60.01,28.15,2.48,2,2,23.4,57.77
"2025-06-29T21:06:11.891Z","gNB_015","SMF_001",31,500,95.97,87.94,60.01,51.79,1.78,2,1,23.4,29.56
"2025-06-29T21:06:11.891Z","gNB_015","SMF_001",26,1000,95.97,87.94,60.01,51.79,1.78,2,1,23.4,29.56
"2025-06-29T21:06:11.891Z","SMF_007","SMF_001",25,500,95.17,87.94,49.99,51.79,1.74,2,1,21.29,29.56
"2025-06-29T21:06:11.891Z","CORE_DC_004","SMF_001",30,50,80.97,87.94,46.76,51.79,1.625,1,1,22.95,29.56
"2025-06-29T21:06:11.891Z","FIREWALL_004","SMF_001",27,200,12.39,87.94,57.77,51.79,1.54,0,1,17.37,29.56
"2025-06-29T21:06:11.891Z","gNB_009","SMF_002",17,200,13.35,56.41,54.11,36.29,1.6949999999999998,0,0,21.46,21.77
"2025-06-29T21:06:11.891Z","gNB_010","SMF_002",17,100,8.98,56.41,33.5,36.29,1.6099999999999999,0,0,12.4,21.77
"2025-06-29T21:06:11.891Z","UPF_003","SMF_002",19,50,83.84,56.41,82.41,36.29,1.575,1,0,10.82,21.77
"2025-06-29T21:06:11.891Z","UPF_003","SMF_003",19,50,83.84,9.18,82.41,40.13,1.435,1,0,10.82,20
"2025-06-29T21:06:11.891Z","AMF_003","SMF_003",20,1000,51.39,9.18,19,40.13,1.585,1,0,28.62,20
"2025-06-29T21:06:11.891Z","AMF_004","SMF_004",27,500,13.47,31.32,49.23,42.03,1.88,1,1,26.43,26.8
"2025-06-29T21:06:11.891Z","SMF_003","SMF_004",22,200,9.18,31.32,40.13,42.03,1.77,0,1,20,26.8
"2025-06-29T21:06:11.891Z","CORE_DC_002","SMF_004",16,50,10.36,31.32,12.9,42.03,1.5150000000000001,0,1,14.24,26.8
"2025-06-29T21:06:11.891Z","AMF_008","SMF_005",42,200,13.71,42.05,28.15,36.43,2.405,2,0,57.77,17.21
"2025-06-29T21:06:11.891Z","SMF_002","SMF_005",22,1000,56.41,42.05,36.29,36.43,1.585,0,0,21.77,17.21
"2025-06-29T21:06:11.891Z","gNB_005","SMF_006",25,200,93.97,88.76,43.66,21.05,1.87,2,1,17.98,27.5
"2025-06-29T21:06:11.891Z","MONITOR_003","SMF_007",17,500,37.1,95.17,34.73,49.99,1.575,0,2,20.97,21.29
"2025-06-29T21:06:11.891Z","MONITOR_004","SMF_007",28,200,42.88,95.17,38.28,49.99,1.495,1,2,29.07,21.29
"2025-06-29T21:06:11.891Z","gNB_010","EDGE_DC_001",15,100,8.98,9.59,33.5,46.13,1.4100000000000001,0,0,12.4,16.44
"2025-06-29T21:06:11.891Z","SMF_007","EDGE_DC_002",20,500,95.17,87.76,49.99,57.66,1.46,2,1,21.29,16.97
"2025-06-29T21:06:11.891Z","CORE_DC_001","EDGE_DC_002",19,100,87.53,87.76,32.84,57.66,1.905,1,1,29.12,16.97
"2025-06-29T21:06:11.891Z","FIREWALL_002","EDGE_DC_002",17,200,9.7,87.76,42.84,57.66,1.03,0,1,11.6,16.97
"2025-06-29T21:06:11.891Z","gNB_001","EDGE_DC_003",40,500,83.43,11.46,65.49,35.02,2.71,2,0,67.78,18.09
"2025-06-29T21:06:11.891Z","gNB_015","EDGE_DC_003",19,500,95.97,11.46,60.01,35.02,1.56,2,0,23.4,18.09
"2025-06-29T21:06:11.891Z","SMF_003","EDGE_DC_004",23,200,9.18,88.35,40.13,71.85,1.475,0,1,20,22.43
"2025-06-29T21:06:11.891Z","gNB_011","EDGE_DC_005",13,50,68.03,12.15,55.52,62.55,1.2,0,0,13.92,15.26
"2025-06-29T21:06:11.891Z","UPF_004","EDGE_DC_005",20,50,93.97,12.15,88.5,62.55,1.67,2,0,22.35,15.26
"2025-06-29T21:06:11.891Z","SMF_001","EDGE_DC_005",25,100,87.94,12.15,51.79,62.55,1.8199999999999998,1,0,29.56,15.26
"2025-06-29T21:06:11.891Z","FIREWALL_002","EDGE_DC_005",11,50,9.7,12.15,42.84,62.55,1.17,0,0,11.6,15.26
"2025-06-29T21:06:11.891Z","MONITOR_005","EDGE_DC_005",24,1000,96.37,12.15,61.36,62.55,1.75,2,0,25.51,15.26
"2025-06-29T21:06:11.891Z","AMF_008","EDGE_DC_006",44,50,13.71,9.38,28.15,21.9,2.8,2,1,57.77,26.68
"2025-06-29T21:06:11.891Z","EDGE_DC_001","EDGE_DC_006",19,500,9.59,9.38,46.13,21.9,1.7800000000000002,0,1,16.44,26.68
"2025-06-29T21:06:11.891Z","gNB_016","EDGE_DC_007",33,500,8.38,12.03,15.83,18.35,1.8,0,1,22.76,42.56
"2025-06-29T21:06:11.891Z","EDGE_DC_002","EDGE_DC_007",32,500,87.76,12.03,57.66,18.35,1.79,1,1,16.97,42.56
"2025-06-29T21:06:11.891Z","AMF_006","EDGE_DC_008",12,1000,93.57,45.19,58.08,54.01,1.13,2,0,11.63,21
"2025-06-29T21:06:11.891Z","FIREWALL_002","CORE_DC_001",17,500,9.7,87.53,42.84,32.84,1.5350000000000001,0,1,11.6,29.12
"2025-06-29T21:06:11.891Z","MONITOR_001","CORE_DC_001",29,200,83.02,87.53,52.23,32.84,2.3150000000000004,1,1,25.78,29.12
"2025-06-29T21:06:11.891Z","AMF_002","CORE_DC_002",17,1000,90.77,10.36,30.73,12.9,1.43,2,0,21.12,14.24
"2025-06-29T21:06:11.891Z","EDGE_DC_003","CORE_DC_002",17,500,11.46,10.36,35.02,12.9,1.225,0,0,18.09,14.24
"2025-06-29T21:06:11.891Z","UPF_005","CORE_DC_003",15,100,13.11,11.46,33.61,14.75,1.375,0,0,12.49,22.27
"2025-06-29T21:06:11.891Z","UPF_006","CORE_DC_003",22,200,87.94,11.46,21.73,14.75,1.74,1,0,13.63,22.27
"2025-06-29T21:06:11.891Z","SMF_007","CORE_DC_003",21,100,95.17,11.46,49.99,14.75,1.7,2,0,21.29,22.27
"2025-06-29T21:06:11.891Z","EDGE_DC_002","CORE_DC_003",22,200,87.76,11.46,57.66,14.75,1.64,1,0,16.97,22.27
"2025-06-29T21:06:11.891Z","FIREWALL_001","CORE_DC_003",24,1000,13.11,11.46,18.73,14.75,1.7149999999999999,0,0,24.67,22.27
"2025-06-29T21:06:11.891Z","gNB_008","CORE_DC_004",19,50,12.75,80.97,21.34,46.76,1.4649999999999999,0,1,22.51,22.95
"2025-06-29T21:06:11.891Z","CORE_DC_003","CORE_DC_004",18,1000,11.46,80.97,14.75,46.76,1.585,0,1,22.27,22.95
"2025-06-29T21:06:11.891Z","MONITOR_003","CORE_DC_004",21,1000,37.1,80.97,34.73,46.76,1.46,0,1,20.97,22.95
"2025-06-29T21:06:11.891Z","gNB_005","FIREWALL_001",21,1000,93.97,13.11,43.66,18.73,1.54,2,0,17.98,24.67
"2025-06-29T21:06:11.891Z","UPF_006","FIREWALL_001",22,100,87.94,13.11,21.73,18.73,1.5750000000000002,1,0,13.63,24.67
"2025-06-29T21:06:11.891Z","EDGE_DC_004","FIREWALL_002",17,1000,88.35,9.7,71.85,42.84,1.085,1,0,22.43,11.6
"2025-06-29T21:06:11.891Z","EDGE_DC_006","FIREWALL_002",16,500,9.38,9.7,21.9,42.84,1.4500000000000002,1,0,26.68,11.6
"2025-06-29T21:06:11.891Z","UPF_005","FIREWALL_003",18,500,13.11,43.51,33.61,12.81,1.095,0,0,12.49,22.1
"2025-06-29T21:06:11.891Z","gNB_001","FIREWALL_004",42,1000,83.43,12.39,65.49,57.77,2.51,2,0,67.78,17.37
"2025-06-29T21:06:11.891Z","gNB_017","FIREWALL_004",18,200,83.43,12.39,46.71,57.77,1.36,1,0,23.23,17.37
"2025-06-29T21:06:11.891Z","SMF_004","FIREWALL_004",21,50,31.32,12.39,42.03,57.77,1.61,1,0,26.8,17.37
"2025-06-29T21:06:11.891Z","gNB_004","MONITOR_001",26,500,12.03,83.02,55.48,52.23,1.985,1,1,26.82,25.78
"2025-06-29T21:06:11.891Z","SMF_003","MONITOR_001",20,100,9.18,83.02,40.13,52.23,1.83,0,1,20,25.78
"2025-06-29T21:06:11.891Z","gNB_004","MONITOR_002",21,100,12.03,9.28,55.48,48,1.655,1,1,26.82,25.33
"2025-06-29T21:06:11.891Z","AMF_001","MONITOR_002",20,50,13.85,9.28,32.61,48,1.655,0,1,18.73,25.33
"2025-06-29T21:06:11.891Z","FIREWALL_005","MONITOR_002",24,50,9.92,9.28,39.01,48,1.375,0,1,18.75,25.33
"2025-06-29T21:06:11.891Z","gNB_002","MONITOR_003",17,1000,9.59,37.1,18.69,34.73,1.2449999999999999,0,0,13.78,20.97
"2025-06-29T21:06:11.891Z","gNB_016","MONITOR_003",21,100,8.38,37.1,15.83,34.73,1.525,0,0,22.76,20.97
"2025-06-29T21:06:11.891Z","SMF_003","MONITOR_003",22,500,9.18,37.1,40.13,34.73,1.535,0,0,20,20.97
"2025-06-29T21:06:11.891Z","SMF_001","MONITOR_004",31,200,87.94,42.88,51.79,38.28,1.7149999999999999,1,1,29.56,29.07
"2025-06-29T21:06:11.891Z","gNB_013","MONITOR_005",14,500,76.98,96.37,20.06,61.36,1.4500000000000002,1,2,10.07,25.51
"2025-06-29T21:06:11.891Z","FIREWALL_001","MONITOR_005",28,500,13.11,96.37,18.73,61.36,1.685,0,2,24.67,25.51
"2025-06-29T21:06:12.905Z","AMF_004","gNB_001",17,500,15.39,85.56,48.68,65.79,1.155,0,1,22.76,12.22
"2025-06-29T21:06:12.905Z","gNB_012","gNB_002",14,50,13.33,11.17,68.29,19.13,1.6400000000000001,0,0,13.72,22.92
"2025-06-29T21:06:12.905Z","FIREWALL_001","gNB_002",26,500,15,11.17,19.33,19.13,1.665,0,0,20.71,22.92
"2025-06-29T21:06:12.905Z","FIREWALL_001","gNB_002",23,50,15,11.17,19.33,19.13,1.665,0,0,20.71,22.92
"2025-06-29T21:06:12.905Z","AMF_002","gNB_003",15,100,93.08,91.02,30.16,65.81,1.355,2,2,18.94,17.6
"2025-06-29T21:06:12.905Z","FIREWALL_001","gNB_004",15,500,15,13.83,19.33,55.61,1.32,0,0,20.71,19.46
"2025-06-29T21:06:12.905Z","FIREWALL_005","gNB_004",15,50,11.53,13.83,39.72,55.61,1.35,0,0,19.21,19.46
"2025-06-29T21:06:12.905Z","gNB_002","gNB_005",24,50,11.17,96.36,19.13,44.32,1.7650000000000001,0,2,22.92,21.36
"2025-06-29T21:06:12.905Z","AMF_001","gNB_005",21,500,15.8,96.36,32.62,44.32,1.525,0,2,13.98,21.36
"2025-06-29T21:06:12.905Z","MONITOR_004","gNB_005",16,500,44.93,96.36,39.2,44.32,1.505,0,2,14.74,21.36
"2025-06-29T21:06:12.905Z","gNB_009","gNB_006",11,1000,15.26,95.95,54.54,50.94,1.16,0,2,10.34,17.12
"2025-06-29T21:06:12.905Z","gNB_006","gNB_007",34,50,95.95,95.95,50.94,28.56,2.525,2,2,17.12,60.66
"2025-06-29T21:06:12.905Z","UPF_001","gNB_008",18,50,54.93,14.61,33.07,20.93,1.35,0,0,16.29,20.93
"2025-06-29T21:06:12.905Z","MONITOR_003","gNB_008",24,1000,39.09,14.61,35.56,20.93,1.195,0,0,18.61,20.93
"2025-06-29T21:06:12.905Z","gNB_012","gNB_009",12,50,13.33,15.26,68.29,54.54,1.09,0,0,13.72,10.34
"2025-06-29T21:06:12.905Z","EDGE_DC_004","gNB_009",16,100,90.6,15.26,72.57,54.54,1.06,2,0,25.8,10.34
"2025-06-29T21:06:12.905Z","EDGE_DC_006","gNB_009",18,100,10.95,15.26,21.46,54.54,1.2550000000000001,0,0,17.88,10.34
"2025-06-29T21:06:12.905Z","FIREWALL_005","gNB_009",15,100,11.53,15.26,39.72,54.54,1.145,0,0,19.21,10.34
"2025-06-29T21:06:12.905Z","FIREWALL_005","gNB_009",17,200,11.53,15.26,39.72,54.54,1.145,0,0,19.21,10.34
"2025-06-29T21:06:12.905Z","AMF_007","gNB_010",9,100,11.89,10.51,47.11,33.14,1.165,0,0,13.1,15.22
"2025-06-29T21:06:12.905Z","gNB_013","gNB_012",15,1000,79.08,13.33,19.67,68.29,1.5,1,0,22.11,13.72
"2025-06-29T21:06:12.905Z","SMF_003","gNB_012",24,100,10.73,13.33,40.94,68.29,1.7149999999999999,1,0,28.67,13.72
"2025-06-29T21:06:12.905Z","CORE_DC_003","gNB_012",20,200,13.21,13.33,14.41,68.29,1.525,0,0,18.35,13.72
"2025-06-29T21:06:12.905Z","gNB_009","gNB_013",15,50,15.26,79.08,54.54,19.67,1.05,0,1,10.34,22.11
"2025-06-29T21:06:12.905Z","gNB_013","gNB_014",20,1000,79.08,90.6,19.67,58.57,1.5,1,2,22.11,14.14
"2025-06-29T21:06:12.905Z","UPF_010","gNB_014",13,1000,33.55,90.6,43.1,58.57,1.33,0,2,17.71,14.14
"2025-06-29T21:06:12.905Z","gNB_002","gNB_015",12,50,11.17,98.41,19.13,59.58,1.23,0,2,22.92,11.17
"2025-06-29T21:06:12.905Z","gNB_009","gNB_015",10,100,15.26,98.41,54.54,59.58,0.6799999999999999,0,2,10.34,11.17
"2025-06-29T21:06:12.905Z","gNB_013","gNB_015",12,200,79.08,98.41,19.67,59.58,1.0899999999999999,1,2,22.11,11.17
"2025-06-29T21:06:12.905Z","gNB_017","gNB_015",14,500,85.56,98.41,46.18,59.58,1.3199999999999998,1,2,27.32,11.17
"2025-06-29T21:06:12.905Z","MONITOR_004","gNB_015",11,500,44.93,98.41,39.2,59.58,0.97,0,2,14.74,11.17
"2025-06-29T21:06:12.905Z","AMF_003","gNB_016",22,50,53.49,9.85,18.31,16.27,1.42,1,0,28.1,21.19
"2025-06-29T21:06:12.905Z","AMF_008","gNB_016",21,500,15.65,9.85,28.84,16.27,1.4,1,0,25.87,21.19
"2025-06-29T21:06:12.905Z","SMF_003","gNB_016",25,50,10.73,9.85,40.94,16.27,1.565,1,0,28.67,21.19
"2025-06-29T21:06:12.905Z","gNB_001","gNB_018",17,500,85.56,93.9,65.79,48.18,1.19,1,2,12.22,13.56
"2025-06-29T21:06:12.905Z","gNB_016","gNB_018",12,100,9.85,93.9,16.27,48.18,1.3399999999999999,0,2,21.19,13.56
"2025-06-29T21:06:12.905Z","UPF_003","gNB_018",17,50,85.98,93.9,82.01,48.18,1.875,1,2,28.26,13.56
"2025-06-29T21:06:12.905Z","AMF_001","gNB_018",13,50,15.8,93.9,32.62,48.18,1.35,0,2,13.98,13.56
"2025-06-29T21:06:12.905Z","SMF_002","gNB_018",16,100,58.53,93.9,36.21,48.18,1.495,0,2,20.92,13.56
"2025-06-29T21:06:12.905Z","gNB_020","gNB_019",18,50,98.41,15.65,74.71,17.17,1.78,2,0,28.45,14.38
"2025-06-29T21:06:12.905Z","gNB_009","gNB_020",19,200,15.26,98.41,54.54,74.71,1.2550000000000001,0,2,10.34,28.45
"2025-06-29T21:06:12.905Z","gNB_015","gNB_020",24,100,98.41,98.41,59.58,74.71,1.295,2,2,11.17,28.45
"2025-06-29T21:06:12.905Z","UPF_002","gNB_020",25,50,13.96,98.41,29.69,74.71,1.4900000000000002,0,2,14.18,28.45
"2025-06-29T21:06:12.905Z","AMF_002","gNB_020",24,1000,93.08,98.41,30.16,74.71,1.605,2,2,18.94,28.45
"2025-06-29T21:06:12.905Z","EDGE_DC_003","gNB_020",31,500,13.21,98.41,34.63,74.71,1.75,1,2,26.15,28.45
"2025-06-29T21:06:12.905Z","EDGE_DC_004","gNB_020",27,200,90.6,98.41,72.57,74.71,1.675,2,2,25.8,28.45
"2025-06-29T21:06:12.905Z","FIREWALL_001","gNB_020",25,50,15,98.41,19.33,74.71,1.73,0,2,20.71,28.45
"2025-06-29T21:06:12.905Z","gNB_006","UPF_001",19,1000,95.95,54.93,50.94,33.07,1.5299999999999998,2,0,17.12,16.29
"2025-06-29T21:06:12.905Z","EDGE_DC_003","UPF_002",21,200,13.21,13.96,34.63,29.69,1.37,1,0,26.15,14.18
"2025-06-29T21:06:12.905Z","gNB_002","UPF_003",20,50,11.17,85.98,19.13,82.01,2.025,0,1,22.92,28.26
"2025-06-29T21:06:12.905Z","gNB_003","UPF_003",25,50,91.02,85.98,65.81,82.01,1.84,2,1,17.6,28.26
"2025-06-29T21:06:12.905Z","EDGE_DC_005","UPF_003",24,50,13.96,85.98,62.66,82.01,2.21,0,1,22.19,28.26
"2025-06-29T21:06:12.905Z","MONITOR_002","UPF_004",17,1000,10.84,96.36,48.58,88.96,1.32,0,2,14.47,26.2
"2025-06-29T21:06:12.905Z","UPF_008","UPF_005",35,200,10.73,15,4.39,33.52,2.775,2,0,64.75,12.93
"2025-06-29T21:06:12.905Z","AMF_004","UPF_005",15,100,15.39,15,48.68,33.52,1.4100000000000001,0,0,22.76,12.93
"2025-06-29T21:06:12.905Z","gNB_007","UPF_006",38,100,95.95,90.18,28.56,21.27,2.06,2,2,60.66,14.58
"2025-06-29T21:06:12.905Z","AMF_007","UPF_006",10,500,11.89,90.18,47.11,21.27,1.1400000000000001,0,2,13.1,14.58
"2025-06-29T21:06:12.905Z","SMF_006","UPF_006",14,200,91.02,90.18,21.71,21.27,0.975,2,2,20.09,14.58
"2025-06-29T21:06:12.905Z","gNB_012","UPF_008",35,100,13.33,10.73,68.29,4.39,2.82,0,2,13.72,64.75
"2025-06-29T21:06:12.905Z","UPF_004","UPF_008",44,200,96.36,10.73,88.96,4.39,2.705,2,2,26.2,64.75
"2025-06-29T21:06:12.905Z","SMF_007","UPF_008",36,500,97.59,10.73,49.14,4.39,2.59,2,2,16.03,64.75
"2025-06-29T21:06:12.905Z","gNB_017","UPF_009",25,100,85.56,12.13,46.18,36.84,1.895,1,0,27.32,24.68
"2025-06-29T21:06:12.905Z","UPF_010","UPF_009",17,100,33.55,12.13,43.1,36.84,1.495,0,0,17.71,24.68
"2025-06-29T21:06:12.905Z","SMF_007","UPF_009",23,1000,97.59,12.13,49.14,36.84,1.475,2,0,16.03,24.68
"2025-06-29T21:06:12.905Z","EDGE_DC_006","UPF_009",17,50,10.95,12.13,21.46,36.84,1.87,0,0,17.88,24.68
"2025-06-29T21:06:12.905Z","FIREWALL_005","UPF_009",19,50,11.53,12.13,39.72,36.84,1.76,0,0,19.21,24.68
"2025-06-29T21:06:12.905Z","UPF_007","UPF_010",13,1000,38.45,33.55,48.69,43.1,1.2650000000000001,0,0,16.23,17.71
"2025-06-29T21:06:12.905Z","MONITOR_004","UPF_010",15,200,44.93,33.55,39.2,43.1,1.17,0,0,14.74,17.71
"2025-06-29T21:06:12.905Z","AMF_008","AMF_001",22,50,15.65,15.8,28.84,32.62,1.4100000000000001,1,0,25.87,13.98
"2025-06-29T21:06:12.905Z","gNB_019","AMF_002",20,1000,15.65,93.08,17.17,30.16,1.5150000000000001,0,2,14.38,18.94
"2025-06-29T21:06:12.905Z","UPF_003","AMF_002",25,500,85.98,93.08,82.01,30.16,1.8250000000000002,1,2,28.26,18.94
"2025-06-29T21:06:12.905Z","UPF_009","AMF_002",17,50,12.13,93.08,36.84,30.16,1.605,0,2,24.68,18.94
"2025-06-29T21:06:12.905Z","FIREWALL_005","AMF_002",21,500,11.53,93.08,39.72,30.16,1.495,0,2,19.21,18.94
"2025-06-29T21:06:12.905Z","UPF_008","AMF_003",49,1000,10.73,53.49,4.39,18.31,2.8499999999999996,2,1,64.75,28.1
"2025-06-29T21:06:12.905Z","gNB_005","AMF_004",18,1000,96.36,15.39,44.32,48.68,1.58,2,0,21.36,22.76
"2025-06-29T21:06:12.905Z","AMF_007","AMF_004",21,500,11.89,15.39,47.11,48.68,1.4500000000000002,0,0,13.1,22.76
"2025-06-29T21:06:12.905Z","CORE_DC_003","AMF_004",18,200,13.21,15.39,14.41,48.68,1.44,0,0,18.35,22.76
"2025-06-29T21:06:12.905Z","FIREWALL_001","AMF_005",17,100,15,9.85,19.33,65.59,1.475,0,0,20.71,14.67
"2025-06-29T21:06:12.905Z","CORE_DC_001","AMF_006",13,1000,89.76,95.95,32.58,58.58,1.12,1,2,14.46,12.79
"2025-06-29T21:06:12.905Z","CORE_DC_003","AMF_006",11,50,13.21,95.95,14.41,58.58,1.385,0,2,18.35,12.79
"2025-06-29T21:06:12.905Z","CORE_DC_004","AMF_006",7,1000,83.04,95.95,46.88,58.58,1.27,1,2,12.9,12.79
"2025-06-29T21:06:12.905Z","gNB_006","AMF_008",25,50,95.95,15.65,50.94,28.84,1.62,2,1,17.12,25.87
"2025-06-29T21:06:12.905Z","gNB_011","AMF_008",22,500,70.08,15.65,54.92,28.84,1.6,1,1,20.51,25.87
"2025-06-29T21:06:12.905Z","gNB_015","AMF_008",13,100,98.41,15.65,59.58,28.84,1.1400000000000001,2,1,11.17,25.87
"2025-06-29T21:06:12.905Z","gNB_015","SMF_001",15,50,98.41,90.18,59.58,52.15,1.1749999999999998,2,2,11.17,13.11
"2025-06-29T21:06:12.905Z","gNB_015","SMF_001",7,200,98.41,90.18,59.58,52.15,1.1749999999999998,2,2,11.17,13.11
"2025-06-29T21:06:12.905Z","SMF_007","SMF_001",12,200,97.59,90.18,49.14,52.15,1.355,2,2,16.03,13.11
"2025-06-29T21:06:12.905Z","CORE_DC_004","SMF_001",15,500,83.04,90.18,46.88,52.15,1.455,1,2,12.9,13.11
"2025-06-29T21:06:12.905Z","FIREWALL_004","SMF_001",22,500,14.22,90.18,56.86,52.15,1.555,1,2,26.31,13.11
"2025-06-29T21:06:12.905Z","gNB_009","SMF_002",12,1000,15.26,58.53,54.54,36.21,1.095,0,0,10.34,20.92
"2025-06-29T21:06:12.905Z","gNB_010","SMF_002",14,500,10.51,58.53,33.14,36.21,1.175,0,0,15.22,20.92
"2025-06-29T21:06:12.905Z","UPF_003","SMF_002",21,1000,85.98,58.53,82.01,36.21,1.9300000000000002,1,0,28.26,20.92
"2025-06-29T21:06:12.905Z","UPF_003","SMF_003",25,1000,85.98,10.73,82.01,40.94,2.1,1,1,28.26,28.67
"2025-06-29T21:06:12.905Z","AMF_003","SMF_003",26,1000,53.49,10.73,18.31,40.94,1.745,1,1,28.1,28.67
"2025-06-29T21:06:12.905Z","AMF_004","SMF_004",25,100,15.39,33.34,48.68,41.49,1.6150000000000002,0,0,22.76,19.55
"2025-06-29T21:06:12.905Z","SMF_003","SMF_004",21,100,10.73,33.34,40.94,41.49,1.875,1,0,28.67,19.55
"2025-06-29T21:06:12.905Z","CORE_DC_002","SMF_004",23,100,12.01,33.34,12.22,41.49,1.685,0,0,22.19,19.55
"2025-06-29T21:06:12.905Z","AMF_008","SMF_005",17,100,15.65,44.07,28.84,36.17,1.51,1,0,25.87,15.51
"2025-06-29T21:06:12.905Z","SMF_002","SMF_005",20,200,58.53,44.07,36.21,36.17,1.505,0,0,20.92,15.51
"2025-06-29T21:06:12.905Z","gNB_005","SMF_006",19,100,96.36,91.02,44.32,21.71,1.495,2,2,21.36,20.09
"2025-06-29T21:06:12.905Z","MONITOR_003","SMF_007",14,200,39.09,97.59,35.56,49.14,1.0750000000000002,0,2,18.61,16.03
"2025-06-29T21:06:12.905Z","MONITOR_004","SMF_007",13,100,44.93,97.59,39.2,49.14,1.15,0,2,14.74,16.03
"2025-06-29T21:06:12.905Z","gNB_010","EDGE_DC_001",15,500,10.51,11.17,33.14,45.34,1.115,0,0,15.22,19.99
"2025-06-29T21:06:12.905Z","SMF_007","EDGE_DC_002",17,50,97.59,90,49.14,58.1,1.02,2,1,16.03,12.54
"2025-06-29T21:06:12.905Z","CORE_DC_001","EDGE_DC_002",16,200,89.76,90,32.58,58.1,0.97,1,1,14.46,12.54
"2025-06-29T21:06:12.905Z","FIREWALL_002","EDGE_DC_002",9,200,11.29,90,42.07,58.1,1.18,0,1,17.19,12.54
"2025-06-29T21:06:12.905Z","gNB_001","EDGE_DC_003",23,50,85.56,13.21,65.79,34.63,1.285,1,1,12.22,26.15
"2025-06-29T21:06:12.905Z","gNB_015","EDGE_DC_003",18,50,98.41,13.21,59.58,34.63,1.1749999999999998,2,1,11.17,26.15
"2025-06-29T21:06:12.905Z","SMF_003","EDGE_DC_004",27,1000,10.73,90.6,40.94,72.57,1.685,1,2,28.67,25.8
"2025-06-29T21:06:12.905Z","gNB_011","EDGE_DC_005",21,1000,70.08,13.96,54.92,62.66,1.875,1,0,20.51,22.19
"2025-06-29T21:06:12.905Z","UPF_004","EDGE_DC_005",23,1000,96.36,13.96,88.96,62.66,1.71,2,0,26.2,22.19
"2025-06-29T21:06:12.905Z","SMF_001","EDGE_DC_005",15,50,90.18,13.96,52.15,62.66,1.8699999999999999,2,0,13.11,22.19
"2025-06-29T21:06:12.905Z","FIREWALL_002","EDGE_DC_005",24,500,11.29,13.96,42.07,62.66,1.755,0,0,17.19,22.19
"2025-06-29T21:06:12.905Z","MONITOR_005","EDGE_DC_005",26,100,98.82,13.96,61.63,62.66,1.8699999999999999,2,0,28.45,22.19
"2025-06-29T21:06:12.905Z","AMF_008","EDGE_DC_006",23,50,15.65,10.95,28.84,21.46,1.715,1,0,25.87,17.88
"2025-06-29T21:06:12.905Z","EDGE_DC_001","EDGE_DC_006",23,500,11.17,10.95,45.34,21.46,1.65,0,0,19.99,17.88
"2025-06-29T21:06:12.905Z","gNB_016","EDGE_DC_007",23,500,9.85,13.83,16.27,19.2,1.475,0,0,21.19,23.51
"2025-06-29T21:06:12.905Z","EDGE_DC_002","EDGE_DC_007",15,200,90,13.83,58.1,19.2,1.335,1,0,12.54,23.51
"2025-06-29T21:06:12.905Z","AMF_006","EDGE_DC_008",13,1000,95.95,47.23,58.58,53.4,1.05,2,0,12.79,15.05
"2025-06-29T21:06:12.905Z","FIREWALL_002","CORE_DC_001",12,200,11.29,89.76,42.07,32.58,1.19,0,1,17.19,14.46
"2025-06-29T21:06:12.905Z","MONITOR_001","CORE_DC_001",15,100,85.14,89.76,53.11,32.58,1.205,1,1,20.92,14.46
"2025-06-29T21:06:12.905Z","AMF_002","CORE_DC_002",24,500,93.08,12.01,30.16,12.22,1.425,2,0,18.94,22.19
"2025-06-29T21:06:12.905Z","EDGE_DC_003","CORE_DC_002",21,500,13.21,12.01,34.63,12.22,1.5699999999999998,1,0,26.15,22.19
"2025-06-29T21:06:12.905Z","UPF_005","CORE_DC_003",11,50,15,13.21,33.52,14.41,1.48,0,0,12.93,18.35
"2025-06-29T21:06:12.905Z","UPF_006","CORE_DC_003",20,500,90.18,13.21,21.27,14.41,1.13,2,0,14.58,18.35
"2025-06-29T21:06:12.905Z","SMF_007","CORE_DC_003",19,100,97.59,13.21,49.14,14.41,1.295,2,0,16.03,18.35
"2025-06-29T21:06:12.905Z","EDGE_DC_002","CORE_DC_003",19,50,90,13.21,58.1,14.41,1.2349999999999999,1,0,12.54,18.35
"2025-06-29T21:06:12.905Z","FIREWALL_001","CORE_DC_003",21,50,15,13.21,19.33,14.41,1.55,0,0,20.71,18.35
"2025-06-29T21:06:12.905Z","gNB_008","CORE_DC_004",17,100,14.61,83.04,20.93,46.88,1.3,0,1,20.93,12.9
"2025-06-29T21:06:12.905Z","CORE_DC_003","CORE_DC_004",14,50,13.21,83.04,14.41,46.88,1.395,0,1,18.35,12.9
"2025-06-29T21:06:12.905Z","MONITOR_003","CORE_DC_004",15,1000,39.09,83.04,35.56,46.88,1.175,0,1,18.61,12.9
"2025-06-29T21:06:12.905Z","gNB_005","FIREWALL_001",16,50,96.36,15,44.32,19.33,1.69,2,0,21.36,20.71
"2025-06-29T21:06:12.905Z","UPF_006","FIREWALL_001",19,50,90.18,15,21.27,19.33,1.17,2,0,14.58,20.71
"2025-06-29T21:06:12.905Z","EDGE_DC_004","FIREWALL_002",26,1000,90.6,11.29,72.57,42.07,1.44,2,0,25.8,17.19
"2025-06-29T21:06:12.905Z","EDGE_DC_006","FIREWALL_002",19,500,10.95,11.29,21.46,42.07,1.635,0,0,17.88,17.19
"2025-06-29T21:06:12.905Z","UPF_005","FIREWALL_003",15,1000,15,45.55,33.52,12.27,1.62,0,0,12.93,23.93
"2025-06-29T21:06:12.905Z","gNB_001","FIREWALL_004",19,200,85.56,14.22,65.79,56.86,1.21,1,1,12.22,26.31
"2025-06-29T21:06:12.905Z","gNB_017","FIREWALL_004",25,100,85.56,14.22,46.18,56.86,1.7,1,1,27.32,26.31
"2025-06-29T21:06:12.905Z","SMF_004","FIREWALL_004",21,500,33.34,14.22,41.49,56.86,1.67,0,1,19.55,26.31
"2025-06-29T21:06:12.905Z","gNB_004","MONITOR_001",23,1000,13.83,85.14,55.61,53.11,1.24,0,1,19.46,20.92
"2025-06-29T21:06:12.905Z","SMF_003","MONITOR_001",26,500,10.73,85.14,40.94,53.11,1.66,1,1,28.67,20.92
"2025-06-29T21:06:12.905Z","gNB_004","MONITOR_002",13,1000,13.83,10.84,55.61,48.58,1.19,0,0,19.46,14.47
"2025-06-29T21:06:12.905Z","AMF_001","MONITOR_002",12,1000,15.8,10.84,32.62,48.58,1.295,0,0,13.98,14.47
"2025-06-29T21:06:12.905Z","FIREWALL_005","MONITOR_002",18,1000,11.53,10.84,39.72,48.58,1.49,0,0,19.21,14.47
"2025-06-29T21:06:12.905Z","gNB_002","MONITOR_003",25,500,11.17,39.09,19.13,35.56,1.405,0,0,22.92,18.61
"2025-06-29T21:06:12.905Z","gNB_016","MONITOR_003",15,100,9.85,39.09,16.27,35.56,1.155,0,0,21.19,18.61
"2025-06-29T21:06:12.905Z","SMF_003","MONITOR_003",20,100,10.73,39.09,40.94,35.56,1.48,1,0,28.67,18.61
"2025-06-29T21:06:12.905Z","SMF_001","MONITOR_004",10,1000,90.18,44.93,52.15,39.2,1.4249999999999998,2,0,13.11,14.74
"2025-06-29T21:06:12.905Z","gNB_013","MONITOR_005",29,200,79.08,98.82,19.67,61.63,1.545,1,2,22.11,28.45
"2025-06-29T21:06:12.905Z","FIREWALL_001","MONITOR_005",25,50,15,98.82,19.33,61.63,1.6099999999999999,0,2,20.71,28.45
"2025-06-29T21:06:13.906Z","AMF_004","gNB_001",12,100,17.35,87.73,48.17,66.74,1.125,0,1,12.89,22.44
"2025-06-29T21:06:13.906Z","gNB_012","gNB_002",21,1000,15.13,12.79,67.65,19.26,1.455,0,1,11.48,26.67
"2025-06-29T21:06:13.906Z","FIREWALL_001","gNB_002",22,50,16.93,12.79,18.41,19.26,1.775,0,1,13.94,26.67
"2025-06-29T21:06:13.906Z","FIREWALL_001","gNB_002",15,1000,16.93,12.79,18.41,19.26,1.775,0,1,13.94,26.67
"2025-06-29T21:06:13.906Z","AMF_002","gNB_003",15,500,95.43,93.32,29.41,65.65,1.0750000000000002,2,2,12.43,10.93
"2025-06-29T21:06:13.906Z","FIREWALL_001","gNB_004",20,1000,16.93,15.67,18.41,56.11,1.495,0,1,13.94,25.64
"2025-06-29T21:06:13.906Z","FIREWALL_005","gNB_004",28,200,13.18,15.67,40.54,56.11,1.48,0,1,22.33,25.64
"2025-06-29T21:06:13.906Z","gNB_002","gNB_005",19,200,12.79,98.79,19.26,44.43,1.6099999999999999,1,2,26.67,14.81
"2025-06-29T21:06:13.906Z","AMF_001","gNB_005",19,100,17.79,98.79,32.73,44.43,1.06,0,2,18.11,14.81
"2025-06-29T21:06:13.906Z","MONITOR_004","gNB_005",17,200,47.02,98.79,39.86,44.43,1.51,0,2,21.2,14.81
"2025-06-29T21:06:13.906Z","gNB_009","gNB_006",17,1000,17.21,98.37,55.16,50.39,1.6199999999999999,0,2,12.07,27.17
"2025-06-29T21:06:13.906Z","gNB_006","gNB_007",24,500,98.37,98.37,50.39,28.24,1.8399999999999999,2,2,27.17,25.06
"2025-06-29T21:06:13.906Z","UPF_001","gNB_008",21,100,57.04,16.51,32.25,20.67,1.42,0,0,14.68,24.71
"2025-06-29T21:06:13.906Z","MONITOR_003","gNB_008",26,50,41.12,16.51,35.4,20.67,1.8900000000000001,0,0,19.93,24.71
"2025-06-29T21:06:13.906Z","gNB_012","gNB_009",12,100,15.13,17.21,67.65,55.16,0.955,0,0,11.48,12.07
"2025-06-29T21:06:13.906Z","EDGE_DC_004","gNB_009",22,50,92.89,17.21,73.26,55.16,1.81,2,0,28.93,12.07
"2025-06-29T21:06:13.906Z","EDGE_DC_006","gNB_009",14,500,12.54,17.21,22.46,55.16,0.95,0,0,11.11,12.07
"2025-06-29T21:06:13.906Z","FIREWALL_005","gNB_009",19,200,13.18,17.21,40.54,55.16,1.26,0,0,22.33,12.07
"2025-06-29T21:06:13.906Z","FIREWALL_005","gNB_009",19,1000,13.18,17.21,40.54,55.16,1.26,0,0,22.33,12.07
"2025-06-29T21:06:13.906Z","AMF_007","gNB_010",12,1000,13.57,12.06,47.4,33.98,1.31,0,0,15.87,17.94
"2025-06-29T21:06:13.906Z","gNB_013","gNB_012",16,200,81.22,15.13,20.54,67.65,1.19,1,0,16.1,11.48
"2025-06-29T21:06:13.906Z","SMF_003","gNB_012",23,100,12.3,15.13,41.8,67.65,1.275,1,0,35.59,11.48
"2025-06-29T21:06:13.906Z","CORE_DC_003","gNB_012",13,100,15,15.13,14.71,67.65,0.7749999999999999,0,0,15.56,11.48
"2025-06-29T21:06:13.906Z","gNB_009","gNB_013",17,500,17.21,81.22,55.16,20.54,1.4249999999999998,0,1,12.07,16.1
"2025-06-29T21:06:13.906Z","gNB_013","gNB_014",16,50,81.22,92.89,20.54,57.59,1.5299999999999998,1,2,16.1,20.38
"2025-06-29T21:06:13.906Z","UPF_010","gNB_014",19,50,35.58,92.89,43.21,57.59,1.5699999999999998,0,2,23.16,20.38
"2025-06-29T21:06:13.906Z","gNB_002","gNB_015",25,1000,12.79,100,19.26,58.89,1.9249999999999998,1,2,26.67,27.16
"2025-06-29T21:06:13.906Z","gNB_009","gNB_015",17,500,17.21,100,55.16,58.89,1.4249999999999998,0,2,12.07,27.16
"2025-06-29T21:06:13.906Z","gNB_013","gNB_015",25,1000,81.22,100,20.54,58.89,1.66,1,2,16.1,27.16
"2025-06-29T21:06:13.906Z","gNB_017","gNB_015",26,50,87.73,100,46.01,58.89,1.7650000000000001,1,2,27.61,27.16
"2025-06-29T21:06:13.906Z","MONITOR_004","gNB_015",19,200,47.02,100,39.86,58.89,1.825,0,2,21.2,27.16
"2025-06-29T21:06:13.906Z","AMF_003","gNB_016",25,200,55.63,11.34,18.43,15.9,1.745,0,0,23.32,18.88
"2025-06-29T21:06:13.906Z","AMF_008","gNB_016",20,200,17.63,11.34,29.59,15.9,1.395,0,0,13.5,18.88
"2025-06-29T21:06:13.906Z","SMF_003","gNB_016",32,100,12.3,11.34,41.8,15.9,1.73,1,0,35.59,18.88
"2025-06-29T21:06:13.906Z","gNB_001","gNB_018",14,50,87.73,96.27,66.74,48.61,1.55,1,2,22.44,11.07
"2025-06-29T21:06:13.906Z","gNB_016","gNB_018",15,500,11.34,96.27,15.9,48.61,1.565,0,2,18.88,11.07
"2025-06-29T21:06:13.906Z","UPF_003","gNB_018",20,200,88.16,96.27,82.55,48.61,1.6600000000000001,1,2,23.19,11.07
"2025-06-29T21:06:13.906Z","AMF_001","gNB_018",11,500,17.79,96.27,32.73,48.61,1.295,0,2,18.11,11.07
"2025-06-29T21:06:13.906Z","SMF_002","gNB_018",19,500,60.69,96.27,36.21,48.61,1.335,0,2,20.17,11.07
"2025-06-29T21:06:13.906Z","gNB_020","gNB_019",17,1000,100,17.63,74.4,17.88,1.3849999999999998,2,0,17.9,10.09
"2025-06-29T21:06:13.906Z","gNB_009","gNB_020",13,50,17.21,100,55.16,74.4,1.29,0,2,12.07,17.9
"2025-06-29T21:06:13.906Z","gNB_015","gNB_020",17,100,100,100,58.89,74.4,1.525,2,2,27.16,17.9
"2025-06-29T21:06:13.906Z","UPF_002","gNB_020",21,500,15.81,100,29.55,74.4,1.35,0,2,22.49,17.9
"2025-06-29T21:06:13.906Z","AMF_002","gNB_020",19,50,95.43,100,29.41,74.4,1.245,2,2,12.43,17.9
"2025-06-29T21:06:13.906Z","EDGE_DC_003","gNB_020",44,500,15,100,35.19,74.4,2.84,2,2,75.62,17.9
"2025-06-29T21:06:13.906Z","EDGE_DC_004","gNB_020",26,200,92.89,100,73.26,74.4,1.9100000000000001,2,2,28.93,17.9
"2025-06-29T21:06:13.906Z","FIREWALL_001","gNB_020",11,500,16.93,100,18.41,74.4,1.375,0,2,13.94,17.9
"2025-06-29T21:06:13.906Z","gNB_006","UPF_001",25,500,98.37,57.04,50.39,32.25,1.48,2,0,27.17,14.68
"2025-06-29T21:06:13.906Z","EDGE_DC_003","UPF_002",46,1000,15,15.81,35.19,29.55,2.8,2,0,75.62,22.49
"2025-06-29T21:06:13.906Z","gNB_002","UPF_003",28,500,12.79,88.16,19.26,82.55,2.005,1,1,26.67,23.19
"2025-06-29T21:06:13.906Z","gNB_003","UPF_003",18,50,93.32,88.16,65.65,82.55,1.435,2,1,10.93,23.19
"2025-06-29T21:06:13.906Z","EDGE_DC_005","UPF_003",25,1000,15.81,88.16,63.14,82.55,1.59,0,1,19.54,23.19
"2025-06-29T21:06:13.906Z","MONITOR_002","UPF_004",22,1000,12.42,98.79,48.84,89.96,1.38,0,2,10.76,28.59
"2025-06-29T21:06:13.906Z","UPF_008","UPF_005",12,500,12.3,16.93,4.73,33.07,1.0750000000000002,0,0,17.02,13.47
"2025-06-29T21:06:13.906Z","AMF_004","UPF_005",18,500,17.35,16.93,48.17,33.07,0.885,0,0,12.89,13.47
"2025-06-29T21:06:13.906Z","gNB_007","UPF_006",50,100,98.37,92.46,28.24,22.2,2.775,2,2,25.06,69.58
"2025-06-29T21:06:13.906Z","AMF_007","UPF_006",39,100,13.57,92.46,47.4,22.2,2.425,0,2,15.87,69.58
"2025-06-29T21:06:13.906Z","SMF_006","UPF_006",39,50,93.32,92.46,22.16,22.2,2.795,2,2,18.63,69.58
"2025-06-29T21:06:13.906Z","gNB_012","UPF_008",16,100,15.13,12.3,67.65,4.73,0.875,0,0,11.48,17.02
"2025-06-29T21:06:13.906Z","UPF_004","UPF_008",26,1000,98.79,12.3,89.96,4.73,1.2349999999999999,2,0,28.59,17.02
"2025-06-29T21:06:13.906Z","SMF_007","UPF_008",22,200,100,12.3,48.98,4.73,1.345,2,0,24.41,17.02
"2025-06-29T21:06:13.906Z","gNB_017","UPF_009",21,100,87.73,13.83,46.01,36.63,1.69,1,0,27.61,15.96
"2025-06-29T21:06:13.906Z","UPF_010","UPF_009",24,500,35.58,13.83,43.21,36.63,1.625,0,0,23.16,15.96
"2025-06-29T21:06:13.906Z","SMF_007","UPF_009",21,100,100,13.83,48.98,36.63,1.585,2,0,24.41,15.96
"2025-06-29T21:06:13.906Z","EDGE_DC_006","UPF_009",15,100,12.54,13.83,22.46,36.63,1.1099999999999999,0,0,11.11,15.96
"2025-06-29T21:06:13.906Z","FIREWALL_005","UPF_009",22,200,13.18,13.83,40.54,36.63,1.42,0,0,22.33,15.96
"2025-06-29T21:06:13.906Z","UPF_007","UPF_010",18,50,40.49,35.58,48.74,43.21,1.6949999999999998,0,0,20.94,23.16
"2025-06-29T21:06:13.906Z","MONITOR_004","UPF_010",25,1000,47.02,35.58,39.86,43.21,1.865,0,0,21.2,23.16
"2025-06-29T21:06:13.906Z","AMF_008","AMF_001",15,1000,17.63,17.79,29.59,32.73,1.125,0,0,13.5,18.11
"2025-06-29T21:06:13.906Z","gNB_019","AMF_002",10,500,17.63,95.43,17.88,29.41,1.24,0,2,10.09,12.43
"2025-06-29T21:06:13.906Z","UPF_003","AMF_002",17,500,88.16,95.43,82.55,29.41,1.46,1,2,23.19,12.43
"2025-06-29T21:06:13.906Z","UPF_009","AMF_002",14,1000,13.83,95.43,36.63,29.41,1.3050000000000002,0,2,15.96,12.43
"2025-06-29T21:06:13.906Z","FIREWALL_005","AMF_002",19,100,13.18,95.43,40.54,29.41,1.215,0,2,22.33,12.43
"2025-06-29T21:06:13.906Z","UPF_008","AMF_003",20,200,12.3,55.63,4.73,18.43,1.445,0,0,17.02,23.32
"2025-06-29T21:06:13.906Z","gNB_005","AMF_004",14,100,98.79,17.35,44.43,48.17,0.8400000000000001,2,0,14.81,12.89
"2025-06-29T21:06:13.906Z","AMF_007","AMF_004",9,100,13.57,17.35,47.4,48.17,0.79,0,0,15.87,12.89
"2025-06-29T21:06:13.906Z","CORE_DC_003","AMF_004",17,50,15,17.35,14.71,48.17,0.74,0,0,15.56,12.89
"2025-06-29T21:06:13.906Z","FIREWALL_001","AMF_005",21,50,16.93,11.34,18.41,66.55,1.3900000000000001,0,0,13.94,22.27
"2025-06-29T21:06:13.906Z","CORE_DC_001","AMF_006",24,200,92.03,98.37,33.24,58.05,1.24,2,2,19.88,18.83
"2025-06-29T21:06:13.906Z","CORE_DC_003","AMF_006",14,500,15,98.37,14.71,58.05,1.085,0,2,15.56,18.83
"2025-06-29T21:06:13.906Z","CORE_DC_004","AMF_006",27,100,85.15,98.37,46.1,58.05,1.8250000000000002,1,2,27.24,18.83
"2025-06-29T21:06:13.906Z","gNB_006","AMF_008",23,1000,98.37,17.63,50.39,29.59,1.605,2,0,27.17,13.5
"2025-06-29T21:06:13.906Z","gNB_011","AMF_008",12,500,72.17,17.63,55.44,29.59,1.245,1,0,10.72,13.5
"2025-06-29T21:06:13.906Z","gNB_015","AMF_008",21,1000,100,17.63,58.89,29.59,1.41,2,0,27.16,13.5
"2025-06-29T21:06:13.906Z","gNB_015","SMF_001",24,50,100,92.46,58.89,52.5,1.315,2,2,27.16,18.95
"2025-06-29T21:06:13.906Z","gNB_015","SMF_001",23,100,100,92.46,58.89,52.5,1.315,2,2,27.16,18.95
"2025-06-29T21:06:13.906Z","SMF_007","SMF_001",21,100,100,92.46,48.98,52.5,1.315,2,2,24.41,18.95
"2025-06-29T21:06:13.906Z","CORE_DC_004","SMF_001",18,200,85.15,92.46,46.1,52.5,1.6400000000000001,1,2,27.24,18.95
"2025-06-29T21:06:13.906Z","FIREWALL_004","SMF_001",20,500,16.09,92.46,56.84,52.5,1.17,0,2,20.22,18.95
"2025-06-29T21:06:13.906Z","gNB_009","SMF_002",19,500,17.21,60.69,55.16,36.21,1.18,0,0,12.07,20.17
"2025-06-29T21:06:13.906Z","gNB_010","SMF_002",19,500,12.06,60.69,33.98,36.21,1.43,0,0,17.94,20.17
"2025-06-29T21:06:13.906Z","UPF_003","SMF_002",18,200,88.16,60.69,82.55,36.21,1.495,1,0,23.19,20.17
"2025-06-29T21:06:13.906Z","UPF_003","SMF_003",32,500,88.16,12.3,82.55,41.8,1.8250000000000002,1,1,23.19,35.59
"2025-06-29T21:06:13.906Z","AMF_003","SMF_003",28,50,55.63,12.3,18.43,41.8,1.8450000000000002,0,1,23.32,35.59
"2025-06-29T21:06:13.906Z","AMF_004","SMF_004",12,50,17.35,35.4,48.17,42.21,1.15,0,0,12.89,21.66
"2025-06-29T21:06:13.906Z","SMF_003","SMF_004",25,500,12.3,35.4,41.8,42.21,1.74,1,0,35.59,21.66
"2025-06-29T21:06:13.906Z","CORE_DC_002","SMF_004",23,1000,13.7,35.4,11.77,42.21,1.685,0,0,20.31,21.66
"2025-06-29T21:06:13.906Z","AMF_008","SMF_005",21,1000,17.63,46.13,29.59,36.61,1.4,0,0,13.5,19.78
"2025-06-29T21:06:13.906Z","SMF_002","SMF_005",19,1000,60.69,46.13,36.21,36.61,1.4049999999999998,0,0,20.17,19.78
"2025-06-29T21:06:13.906Z","gNB_005","SMF_006",18,500,98.79,93.32,44.43,22.16,1.35,2,2,14.81,18.63
"2025-06-29T21:06:13.906Z","MONITOR_003","SMF_007",23,100,41.12,100,35.4,48.98,1.755,0,2,19.93,24.41
"2025-06-29T21:06:13.906Z","MONITOR_004","SMF_007",23,500,47.02,100,39.86,48.98,1.825,0,2,21.2,24.41
"2025-06-29T21:06:13.906Z","gNB_010","EDGE_DC_001",15,1000,12.06,12.79,33.98,44.57,1.7999999999999998,0,0,17.94,20.42
"2025-06-29T21:06:13.906Z","SMF_007","EDGE_DC_002",20,1000,100,92.28,48.98,57.6,1.285,2,2,24.41,11.59
"2025-06-29T21:06:13.906Z","CORE_DC_001","EDGE_DC_002",15,50,92.03,92.28,33.24,57.6,1.025,2,2,19.88,11.59
"2025-06-29T21:06:13.906Z","FIREWALL_002","EDGE_DC_002",15,500,12.92,92.28,42,57.6,1.34,0,2,19.99,11.59
"2025-06-29T21:06:13.906Z","gNB_001","EDGE_DC_003",49,100,87.73,15,66.74,35.19,2.9450000000000003,1,2,22.44,75.62
"2025-06-29T21:06:13.906Z","gNB_015","EDGE_DC_003",47,500,100,15,58.89,35.19,2.975,2,2,27.16,75.62
"2025-06-29T21:06:13.906Z","SMF_003","EDGE_DC_004",35,1000,12.3,92.89,41.8,73.26,2.13,1,2,35.59,28.93
"2025-06-29T21:06:13.906Z","gNB_011","EDGE_DC_005",16,1000,72.17,15.81,55.44,63.14,1.3450000000000002,1,0,10.72,19.54
"2025-06-29T21:06:13.906Z","UPF_004","EDGE_DC_005",22,100,98.79,15.81,89.96,63.14,1.4,2,0,28.59,19.54
"2025-06-29T21:06:13.906Z","SMF_001","EDGE_DC_005",18,100,92.46,15.81,52.5,63.14,1.165,2,0,18.95,19.54
"2025-06-29T21:06:13.906Z","FIREWALL_002","EDGE_DC_005",15,500,12.92,15.81,42,63.14,1.565,0,0,19.99,19.54
"2025-06-29T21:06:13.906Z","MONITOR_005","EDGE_DC_005",38,200,100,15.81,61.72,63.14,2.33,2,0,52.83,19.54
"2025-06-29T21:06:13.906Z","AMF_008","EDGE_DC_006",11,100,17.63,12.54,29.59,22.46,0.9349999999999999,0,0,13.5,11.11
"2025-06-29T21:06:13.906Z","EDGE_DC_001","EDGE_DC_006",13,200,12.79,12.54,44.57,22.46,1.31,0,0,20.42,11.11
"2025-06-29T21:06:13.906Z","gNB_016","EDGE_DC_007",17,100,11.34,15.67,15.9,19.72,1.31,0,0,18.88,18.97
"2025-06-29T21:06:13.906Z","EDGE_DC_002","EDGE_DC_007",13,200,92.28,15.67,57.6,19.72,0.95,2,0,11.59,18.97
"2025-06-29T21:06:13.906Z","AMF_006","EDGE_DC_008",13,200,98.37,49.31,58.05,52.69,1.0750000000000002,2,0,18.83,14.26
"2025-06-29T21:06:13.906Z","FIREWALL_002","CORE_DC_001",21,50,12.92,92.03,42,33.24,1.455,0,2,19.99,19.88
"2025-06-29T21:06:13.906Z","MONITOR_001","CORE_DC_001",18,500,87.3,92.03,53.72,33.24,1.2349999999999999,1,2,16.5,19.88
"2025-06-29T21:06:13.906Z","AMF_002","CORE_DC_002",15,50,95.43,13.7,29.41,11.77,1.4100000000000001,2,0,12.43,20.31
"2025-06-29T21:06:13.906Z","EDGE_DC_003","CORE_DC_002",45,100,15,13.7,35.19,11.77,3.005,2,0,75.62,20.31
"2025-06-29T21:06:13.906Z","UPF_005","CORE_DC_003",16,50,16.93,15,33.07,14.71,0.9750000000000001,0,0,13.47,15.56
"2025-06-29T21:06:13.906Z","UPF_006","CORE_DC_003",38,50,92.46,15,22.2,14.71,2.375,2,0,69.58,15.56
"2025-06-29T21:06:13.906Z","SMF_007","CORE_DC_003",24,50,100,15,48.98,14.71,1.2449999999999999,2,0,24.41,15.56
"2025-06-29T21:06:13.906Z","EDGE_DC_002","CORE_DC_003",18,1000,92.28,15,57.6,14.71,0.87,2,0,11.59,15.56
"2025-06-29T21:06:13.906Z","FIREWALL_001","CORE_DC_003",16,500,16.93,15,18.41,14.71,1.095,0,0,13.94,15.56
"2025-06-29T21:06:13.906Z","gNB_008","CORE_DC_004",29,100,16.51,85.15,20.67,46.1,2.12,0,1,24.71,27.24
"2025-06-29T21:06:13.906Z","CORE_DC_003","CORE_DC_004",21,100,15,85.15,14.71,46.1,1.57,0,1,15.56,27.24
"2025-06-29T21:06:13.906Z","MONITOR_003","CORE_DC_004",27,200,41.12,85.15,35.4,46.1,2.08,0,1,19.93,27.24
"2025-06-29T21:06:13.906Z","gNB_005","FIREWALL_001",19,50,98.79,16.93,44.43,18.41,1.195,2,0,14.81,13.94
"2025-06-29T21:06:13.906Z","UPF_006","FIREWALL_001",43,50,92.46,16.93,22.2,18.41,2.64,2,0,69.58,13.94
"2025-06-29T21:06:13.906Z","EDGE_DC_004","FIREWALL_002",20,200,92.89,12.92,73.26,42,2.1,2,0,28.93,19.99
"2025-06-29T21:06:13.906Z","EDGE_DC_006","FIREWALL_002",10,500,12.54,12.92,22.46,42,1.24,0,0,11.11,19.99
"2025-06-29T21:06:13.906Z","UPF_005","FIREWALL_003",20,200,16.93,47.63,33.07,12.29,1.3250000000000002,0,0,13.47,24.99
"2025-06-29T21:06:13.906Z","gNB_001","FIREWALL_004",24,500,87.73,16.09,66.74,56.84,1.485,1,0,22.44,20.22
"2025-06-29T21:06:13.906Z","gNB_017","FIREWALL_004",20,50,87.73,16.09,46.01,56.84,1.62,1,0,27.61,20.22
"2025-06-29T21:06:13.906Z","SMF_004","FIREWALL_004",23,100,35.4,16.09,42.21,56.84,1.51,0,0,21.66,20.22
"2025-06-29T21:06:13.906Z","gNB_004","MONITOR_001",21,200,15.67,87.3,56.11,53.72,1.48,1,1,25.64,16.5
"2025-06-29T21:06:13.906Z","SMF_003","MONITOR_001",23,500,12.3,87.3,41.8,53.72,1.58,1,1,35.59,16.5
"2025-06-29T21:06:13.906Z","gNB_004","MONITOR_002",14,100,15.67,12.42,56.11,48.84,1.475,1,0,25.64,10.76
"2025-06-29T21:06:13.906Z","AMF_001","MONITOR_002",13,500,17.79,12.42,32.73,48.84,1.205,0,0,18.11,10.76
"2025-06-29T21:06:13.906Z","FIREWALL_005","MONITOR_002",16,50,13.18,12.42,40.54,48.84,1.3250000000000002,0,0,22.33,10.76
"2025-06-29T21:06:13.906Z","gNB_002","MONITOR_003",25,200,12.79,41.12,19.26,35.4,2.02,1,0,26.67,19.93
"2025-06-29T21:06:13.906Z","gNB_016","MONITOR_003",21,50,11.34,41.12,15.9,35.4,1.74,0,0,18.88,19.93
"2025-06-29T21:06:13.906Z","SMF_003","MONITOR_003",28,50,12.3,41.12,41.8,35.4,1.84,1,0,35.59,19.93
"2025-06-29T21:06:13.906Z","SMF_001","MONITOR_004",15,1000,92.46,47.02,52.5,39.86,1.48,2,0,18.95,21.2
"2025-06-29T21:06:13.906Z","gNB_013","MONITOR_005",38,50,81.22,100,20.54,61.72,2.48,1,2,16.1,52.83
"2025-06-29T21:06:13.906Z","FIREWALL_001","MONITOR_005",29,200,16.93,100,18.41,61.72,2.33,0,2,13.94,52.83
"2025-06-29T21:06:14.910Z","AMF_004","gNB_001",23,200,19.32,89.91,48.49,66.78,1.62,0,1,20.65,21.91
"2025-06-29T21:06:14.910Z","gNB_012","gNB_002",19,1000,16.94,14.42,68.62,18.58,1.455,0,0,14.72,22.48
"2025-06-29T21:06:14.910Z","FIREWALL_001","gNB_002",34,100,18.87,14.42,17.63,18.58,2.325,2,0,51.68,22.48
"2025-06-29T21:06:14.910Z","FIREWALL_001","gNB_002",39,200,18.87,14.42,17.63,18.58,2.325,2,0,51.68,22.48
"2025-06-29T21:06:14.910Z","AMF_002","gNB_003",20,100,97.79,95.63,30.04,65.38,1.15,2,2,23.11,11.53
"2025-06-29T21:06:14.910Z","FIREWALL_001","gNB_004",30,1000,18.87,17.52,17.63,56.49,2.41,2,0,51.68,19.58
"2025-06-29T21:06:14.910Z","FIREWALL_005","gNB_004",18,50,14.84,17.52,40.67,56.49,1.43,0,0,19.29,19.58
"2025-06-29T21:06:14.910Z","gNB_002","gNB_005",16,500,14.42,100,18.58,45.29,1.295,0,2,22.48,16.94
"2025-06-29T21:06:14.910Z","AMF_001","gNB_005",13,500,19.79,100,32.63,45.29,1.315,0,2,14.84,16.94
"2025-06-29T21:06:14.910Z","MONITOR_004","gNB_005",18,1000,49.12,100,40.46,45.29,1.275,0,2,23.95,16.94
"2025-06-29T21:06:14.910Z","gNB_009","gNB_006",23,200,19.17,100,54.57,49.95,1.175,0,2,23.18,15.04
"2025-06-29T21:06:14.910Z","gNB_006","gNB_007",15,100,100,100,49.95,28.61,1.25,2,2,15.04,22.1
"2025-06-29T21:06:14.910Z","UPF_001","gNB_008",45,50,59.16,18.42,31.86,20.73,2.8,2,1,66.67,26.5
"2025-06-29T21:06:14.910Z","MONITOR_003","gNB_008",20,1000,43.16,18.42,34.63,20.73,1.66,0,1,15.01,26.5
"2025-06-29T21:06:14.910Z","gNB_012","gNB_009",21,500,16.94,19.17,68.62,54.57,1.37,0,0,14.72,23.18
"2025-06-29T21:06:14.910Z","EDGE_DC_004","gNB_009",15,50,95.19,19.17,73.94,54.57,1.04,2,0,10.81,23.18
"2025-06-29T21:06:14.910Z","EDGE_DC_006","gNB_009",24,100,14.15,19.17,22.94,54.57,1.42,1,0,29.41,23.18
"2025-06-29T21:06:14.910Z","FIREWALL_005","gNB_009",22,50,14.84,19.17,40.67,54.57,1.26,0,0,19.29,23.18
"2025-06-29T21:06:14.910Z","FIREWALL_005","gNB_009",18,200,14.84,19.17,40.67,54.57,1.26,0,0,19.29,23.18
"2025-06-29T21:06:14.910Z","AMF_007","gNB_010",17,100,15.26,13.63,47.14,34.44,1.285,0,0,17.97,11.05
"2025-06-29T21:06:14.910Z","gNB_013","gNB_012",15,100,83.37,16.94,19.87,68.62,1.45,1,0,26.8,14.72
"2025-06-29T21:06:14.910Z","SMF_003","gNB_012",19,200,13.89,16.94,42.11,68.62,1.4249999999999998,1,0,27.37,14.72
"2025-06-29T21:06:14.910Z","CORE_DC_003","gNB_012",21,200,16.8,16.94,15.08,68.62,1.65,1,0,29.17,14.72
"2025-06-29T21:06:14.910Z","gNB_009","gNB_013",27,1000,19.17,83.37,54.57,19.87,1.38,0,1,23.18,26.8
"2025-06-29T21:06:14.910Z","gNB_013","gNB_014",22,500,83.37,95.19,19.87,58.17,1.12,1,2,26.8,12.74
"2025-06-29T21:06:14.910Z","UPF_010","gNB_014",17,500,37.62,95.19,43.68,58.17,1.135,1,2,26.81,12.74
"2025-06-29T21:06:14.910Z","gNB_002","gNB_015",22,1000,14.42,100,18.58,59.05,1.4249999999999998,0,2,22.48,19.61
"2025-06-29T21:06:14.910Z","gNB_009","gNB_015",17,50,19.17,100,54.57,59.05,1.3399999999999999,0,2,23.18,19.61
"2025-06-29T21:06:14.910Z","gNB_013","gNB_015",23,50,83.37,100,19.87,59.05,1.42,1,2,26.8,19.61
"2025-06-29T21:06:14.910Z","gNB_017","gNB_015",22,200,89.91,100,46.04,59.05,1.875,1,2,29.54,19.61
"2025-06-29T21:06:14.910Z","MONITOR_004","gNB_015",18,50,49.12,100,40.46,59.05,1.4049999999999998,0,2,23.95,19.61
"2025-06-29T21:06:14.910Z","AMF_003","gNB_016",14,1000,57.78,12.85,18.21,15.84,1.33,0,0,18.37,17.07
"2025-06-29T21:06:14.910Z","AMF_008","gNB_016",11,50,19.62,12.85,29,15.84,1.4,0,0,15.35,17.07
"2025-06-29T21:06:14.910Z","SMF_003","gNB_016",23,1000,13.89,12.85,42.11,15.84,1.4849999999999999,1,0,27.37,17.07
"2025-06-29T21:06:14.910Z","gNB_001","gNB_018",26,200,89.91,98.65,66.78,47.62,1.775,1,2,21.91,26.88
"2025-06-29T21:06:14.910Z","gNB_016","gNB_018",21,1000,12.85,98.65,15.84,47.62,1.585,0,2,17.07,26.88
"2025-06-29T21:06:14.910Z","UPF_003","gNB_018",29,200,90.35,98.65,82.9,47.62,1.65,2,2,24.15,26.88
"2025-06-29T21:06:14.910Z","AMF_001","gNB_018",24,50,19.79,98.65,32.63,47.62,1.56,0,2,14.84,26.88
"2025-06-29T21:06:14.910Z","SMF_002","gNB_018",22,100,62.86,98.65,37.2,47.62,1.19,0,2,13.83,26.88
"2025-06-29T21:06:14.910Z","gNB_020","gNB_019",13,200,100,19.62,73.63,16.94,1.2799999999999998,2,0,20.87,14.77
"2025-06-29T21:06:14.910Z","gNB_009","gNB_020",23,500,19.17,100,54.57,73.63,1.3599999999999999,0,2,23.18,20.87
"2025-06-29T21:06:14.910Z","gNB_015","gNB_020",19,500,100,100,59.05,73.63,1.4,2,2,19.61,20.87
"2025-06-29T21:06:14.910Z","UPF_002","gNB_020",20,50,17.67,100,30.28,73.63,1.525,0,2,15.32,20.87
"2025-06-29T21:06:14.910Z","AMF_002","gNB_020",24,50,97.79,100,30.04,73.63,1.45,2,2,23.11,20.87
"2025-06-29T21:06:14.910Z","EDGE_DC_003","gNB_020",18,500,16.8,100,35.43,73.63,1.46,0,2,22.06,20.87
"2025-06-29T21:06:14.910Z","EDGE_DC_004","gNB_020",19,1000,95.19,100,73.94,73.63,1.1,2,2,10.81,20.87
"2025-06-29T21:06:14.910Z","FIREWALL_001","gNB_020",38,200,18.87,100,17.63,73.63,2.3,2,2,51.68,20.87
"2025-06-29T21:06:14.910Z","gNB_006","UPF_001",40,100,100,59.16,49.95,31.86,2.495,2,2,15.04,66.67
"2025-06-29T21:06:14.910Z","EDGE_DC_003","UPF_002",20,50,16.8,17.67,35.43,30.28,1.565,0,0,22.06,15.32
"2025-06-29T21:06:14.910Z","gNB_002","UPF_003",24,200,14.42,90.35,18.58,82.9,1.58,0,2,22.48,24.15
"2025-06-29T21:06:14.910Z","gNB_003","UPF_003",21,500,95.63,90.35,65.38,82.9,1.255,2,2,11.53,24.15
"2025-06-29T21:06:14.910Z","EDGE_DC_005","UPF_003",23,50,17.67,90.35,62.83,82.9,1.555,0,2,14.11,24.15
"2025-06-29T21:06:14.910Z","MONITOR_002","UPF_004",22,500,14.02,100,49.05,89.62,1.46,0,2,24.93,14.61
"2025-06-29T21:06:14.910Z","UPF_008","UPF_005",25,1000,13.89,18.87,4.87,32.96,1.81,0,0,18.43,23.72
"2025-06-29T21:06:14.910Z","AMF_004","UPF_005",20,1000,19.32,18.87,48.49,32.96,1.54,0,0,20.65,23.72
"2025-06-29T21:06:14.910Z","gNB_007","UPF_006",27,200,100,94.75,28.61,22.73,1.395,2,2,22.1,24.7
"2025-06-29T21:06:14.910Z","AMF_007","UPF_006",25,200,15.26,94.75,47.14,22.73,1.5,0,2,17.97,24.7
"2025-06-29T21:06:14.910Z","SMF_006","UPF_006",27,1000,95.63,94.75,22.08,22.73,1.37,2,2,26.41,24.7
"2025-06-29T21:06:14.910Z","gNB_012","UPF_008",19,1000,16.94,13.89,68.62,4.87,1.6400000000000001,0,0,14.72,18.43
"2025-06-29T21:06:14.910Z","UPF_004","UPF_008",18,200,100,13.89,89.62,4.87,1.55,2,0,14.61,18.43
"2025-06-29T21:06:14.910Z","SMF_007","UPF_008",15,50,100,13.89,49.5,4.87,1.475,2,0,21.59,18.43
"2025-06-29T21:06:14.910Z","gNB_017","UPF_009",24,200,89.91,15.54,46.04,37.44,2.2199999999999998,1,1,29.54,27.5
"2025-06-29T21:06:14.910Z","UPF_010","UPF_009",26,500,37.62,15.54,43.68,37.44,1.7799999999999998,1,1,26.81,27.5
"2025-06-29T21:06:14.910Z","SMF_007","UPF_009",24,50,100,15.54,49.5,37.44,1.5899999999999999,2,1,21.59,27.5
"2025-06-29T21:06:14.910Z","EDGE_DC_006","UPF_009",30,100,14.15,15.54,22.94,37.44,1.805,1,1,29.41,27.5
"2025-06-29T21:06:14.910Z","FIREWALL_005","UPF_009",27,1000,14.84,15.54,40.67,37.44,1.645,0,1,19.29,27.5
"2025-06-29T21:06:14.910Z","UPF_007","UPF_010",27,500,42.54,37.62,49.22,43.68,1.8250000000000002,1,1,28.94,26.81
"2025-06-29T21:06:14.910Z","MONITOR_004","UPF_010",21,1000,49.12,37.62,40.46,43.68,1.46,0,1,23.95,26.81
"2025-06-29T21:06:14.910Z","AMF_008","AMF_001",17,100,19.62,19.79,29,32.63,1.375,0,0,15.35,14.84
"2025-06-29T21:06:14.910Z","gNB_019","AMF_002",21,100,19.62,97.79,16.94,30.04,1.31,0,2,14.77,23.11
"2025-06-29T21:06:14.910Z","UPF_003","AMF_002",25,1000,90.35,97.79,82.9,30.04,1.585,2,2,24.15,23.11
"2025-06-29T21:06:14.910Z","UPF_009","AMF_002",28,500,15.54,97.79,37.44,30.04,1.775,1,2,27.5,23.11
"2025-06-29T21:06:14.910Z","FIREWALL_005","AMF_002",21,200,14.84,97.79,40.67,30.04,1.35,0,2,19.29,23.11
"2025-06-29T21:06:14.910Z","UPF_008","AMF_003",13,1000,13.89,57.78,4.87,18.21,1.4700000000000002,0,0,18.43,18.37
"2025-06-29T21:06:14.910Z","gNB_005","AMF_004",23,500,100,19.32,45.29,48.49,1.21,2,0,16.94,20.65
"2025-06-29T21:06:14.910Z","AMF_007","AMF_004",19,50,15.26,19.32,47.14,48.49,1.48,0,0,17.97,20.65
"2025-06-29T21:06:14.910Z","CORE_DC_003","AMF_004",26,1000,16.8,19.32,15.08,48.49,1.58,1,0,29.17,20.65
"2025-06-29T21:06:14.910Z","FIREWALL_001","AMF_005",42,100,18.87,12.85,17.63,67.42,2.5,2,0,51.68,24.7
"2025-06-29T21:06:14.910Z","CORE_DC_001","AMF_006",28,500,94.31,100,34.1,58.1,1.7999999999999998,2,2,24.89,27.45
"2025-06-29T21:06:14.910Z","CORE_DC_003","AMF_006",30,200,16.8,100,15.08,58.1,1.715,1,2,29.17,27.45
"2025-06-29T21:06:14.910Z","CORE_DC_004","AMF_006",24,100,87.27,100,45.15,58.1,1.3599999999999999,1,2,18.94,27.45
"2025-06-29T21:06:14.910Z","gNB_006","AMF_008",17,500,100,19.62,49.95,29,1.145,2,0,15.04,15.35
"2025-06-29T21:06:14.910Z","gNB_011","AMF_008",12,1000,74.27,19.62,54.64,29,1.3399999999999999,1,0,12.8,15.35
"2025-06-29T21:06:14.910Z","gNB_015","AMF_008",16,200,100,19.62,59.05,29,1.31,2,0,19.61,15.35
"2025-06-29T21:06:14.910Z","gNB_015","SMF_001",11,200,100,94.75,59.05,52.02,1.225,2,2,19.61,11.37
"2025-06-29T21:06:14.910Z","gNB_015","SMF_001",12,200,100,94.75,59.05,52.02,1.225,2,2,19.61,11.37
"2025-06-29T21:06:14.910Z","SMF_007","SMF_001",14,200,100,94.75,49.5,52.02,1.09,2,2,21.59,11.37
"2025-06-29T21:06:14.910Z","CORE_DC_004","SMF_001",13,100,87.27,94.75,45.15,52.02,1.1099999999999999,1,2,18.94,11.37
"2025-06-29T21:06:14.910Z","FIREWALL_004","SMF_001",18,1000,17.97,94.75,57.64,52.02,1.31,1,2,29.54,11.37
"2025-06-29T21:06:14.910Z","gNB_009","SMF_002",16,200,19.17,62.86,54.57,37.2,1.0350000000000001,0,0,23.18,13.83
"2025-06-29T21:06:14.910Z","gNB_010","SMF_002",11,200,13.63,62.86,34.44,37.2,0.8400000000000001,0,0,11.05,13.83
"2025-06-29T21:06:14.910Z","UPF_003","SMF_002",15,1000,90.35,62.86,82.9,37.2,1.23,2,0,24.15,13.83
"2025-06-29T21:06:14.910Z","UPF_003","SMF_003",25,200,90.35,13.89,82.9,42.11,1.5499999999999998,2,1,24.15,27.37
"2025-06-29T21:06:14.910Z","AMF_003","SMF_003",19,500,57.78,13.89,18.21,42.11,1.255,0,1,18.37,27.37
"2025-06-29T21:06:14.910Z","AMF_004","SMF_004",20,200,19.32,37.47,48.49,41.79,1.58,0,1,20.65,29.23
"2025-06-29T21:06:14.910Z","SMF_003","SMF_004",26,100,13.89,37.47,42.11,41.79,1.635,1,1,27.37,29.23
"2025-06-29T21:06:14.910Z","CORE_DC_002","SMF_004",19,50,15.4,37.47,11.74,41.79,1.7000000000000002,0,1,14.83,29.23
"2025-06-29T21:06:14.910Z","AMF_008","SMF_005",36,500,19.62,48.2,29,36.22,2.195,0,2,15.35,58.47
"2025-06-29T21:06:14.910Z","SMF_002","SMF_005",35,500,62.86,48.2,37.2,36.22,1.96,0,2,13.83,58.47
"2025-06-29T21:06:14.910Z","gNB_005","SMF_006",26,1000,100,95.63,45.29,22.08,1.26,2,2,16.94,26.41
"2025-06-29T21:06:14.910Z","MONITOR_003","SMF_007",17,1000,43.16,100,34.63,49.5,1.385,0,2,15.01,21.59
"2025-06-29T21:06:14.910Z","MONITOR_004","SMF_007",24,1000,49.12,100,40.46,49.5,1.27,0,2,23.95,21.59
"2025-06-29T21:06:14.910Z","gNB_010","EDGE_DC_001",21,1000,13.63,14.42,34.44,44.34,1.3,0,0,11.05,24.98
"2025-06-29T21:06:14.910Z","SMF_007","EDGE_DC_002",18,100,100,94.57,49.5,57.92,1.1800000000000002,2,2,21.59,23.6
"2025-06-29T21:06:14.910Z","CORE_DC_001","EDGE_DC_002",20,1000,94.31,94.57,34.1,57.92,1.64,2,2,24.89,23.6
"2025-06-29T21:06:14.910Z","FIREWALL_002","EDGE_DC_002",23,100,14.56,94.57,41.71,57.92,1.645,0,2,21.01,23.6
"2025-06-29T21:06:14.910Z","gNB_001","EDGE_DC_003",21,50,89.91,16.8,66.78,35.43,1.72,1,0,21.91,22.06
"2025-06-29T21:06:14.910Z","gNB_015","EDGE_DC_003",16,500,100,16.8,59.05,35.43,1.44,2,0,19.61,22.06
"2025-06-29T21:06:14.910Z","SMF_003","EDGE_DC_004",14,1000,13.89,95.19,42.11,73.94,1.095,1,2,27.37,10.81
"2025-06-29T21:06:14.910Z","gNB_011","EDGE_DC_005",15,500,74.27,17.67,54.64,62.83,1.43,1,0,12.8,14.11
"2025-06-29T21:06:14.910Z","UPF_004","EDGE_DC_005",15,1000,100,17.67,89.62,62.83,1.3399999999999999,2,0,14.61,14.11
"2025-06-29T21:06:14.910Z","SMF_001","EDGE_DC_005",8,50,94.75,17.67,52.02,62.83,1.245,2,0,11.37,14.11
"2025-06-29T21:06:14.910Z","FIREWALL_002","EDGE_DC_005",12,1000,14.56,17.67,41.71,62.83,1.73,0,0,21.01,14.11
"2025-06-29T21:06:14.910Z","MONITOR_005","EDGE_DC_005",14,1000,100,17.67,61.34,62.83,1.49,2,0,13.85,14.11
"2025-06-29T21:06:14.910Z","AMF_008","EDGE_DC_006",23,100,19.62,14.15,29,22.94,1.3900000000000001,0,1,15.35,29.41
"2025-06-29T21:06:14.910Z","EDGE_DC_001","EDGE_DC_006",27,100,14.42,14.15,44.34,22.94,1.615,0,1,24.98,29.41
"2025-06-29T21:06:14.910Z","gNB_016","EDGE_DC_007",22,50,12.85,17.52,15.84,18.97,1.67,0,0,17.07,18.59
"2025-06-29T21:06:14.910Z","EDGE_DC_002","EDGE_DC_007",25,200,94.57,17.52,57.92,18.97,1.5150000000000001,2,0,23.6,18.59
"2025-06-29T21:06:14.910Z","AMF_006","EDGE_DC_008",22,50,100,51.4,58.1,53.58,1.795,2,0,27.45,22.6
"2025-06-29T21:06:14.910Z","FIREWALL_002","CORE_DC_001",18,1000,14.56,94.31,41.71,34.1,2.035,0,2,21.01,24.89
"2025-06-29T21:06:14.910Z","MONITOR_001","CORE_DC_001",22,1000,89.47,94.31,54.27,34.1,1.54,1,2,13.36,24.89
"2025-06-29T21:06:14.910Z","AMF_002","CORE_DC_002",22,500,97.79,15.4,30.04,11.74,1.51,2,0,23.11,14.83
"2025-06-29T21:06:14.910Z","EDGE_DC_003","CORE_DC_002",22,50,16.8,15.4,35.43,11.74,1.52,0,0,22.06,14.83
"2025-06-29T21:06:14.910Z","UPF_005","CORE_DC_003",22,1000,18.87,16.8,32.96,15.08,1.82,0,1,23.72,29.17
"2025-06-29T21:06:14.910Z","UPF_006","CORE_DC_003",26,50,94.75,16.8,22.73,15.08,1.6,2,1,24.7,29.17
"2025-06-29T21:06:14.910Z","SMF_007","CORE_DC_003",21,50,100,16.8,49.5,15.08,1.485,2,1,21.59,29.17
"2025-06-29T21:06:14.910Z","EDGE_DC_002","CORE_DC_003",30,200,94.57,16.8,57.92,15.08,1.5550000000000002,2,1,23.6,29.17
"2025-06-29T21:06:14.910Z","FIREWALL_001","CORE_DC_003",40,500,18.87,16.8,17.63,15.08,2.52,2,1,51.68,29.17
"2025-06-29T21:06:14.910Z","gNB_008","CORE_DC_004",18,500,18.42,87.27,20.73,45.15,1.4049999999999998,1,1,26.5,18.94
"2025-06-29T21:06:14.910Z","CORE_DC_003","CORE_DC_004",19,500,16.8,87.27,15.08,45.15,1.505,1,1,29.17,18.94
"2025-06-29T21:06:14.910Z","MONITOR_003","CORE_DC_004",16,500,43.16,87.27,34.63,45.15,1.4049999999999998,0,1,15.01,18.94
"2025-06-29T21:06:14.910Z","gNB_005","FIREWALL_001",33,200,100,18.87,45.29,17.63,2.1500000000000004,2,2,16.94,51.68
"2025-06-29T21:06:14.910Z","UPF_006","FIREWALL_001",39,100,94.75,18.87,22.73,17.63,2.2600000000000002,2,2,24.7,51.68
"2025-06-29T21:06:14.910Z","EDGE_DC_004","FIREWALL_002",18,1000,95.19,14.56,73.94,41.71,1.4100000000000001,2,0,10.81,21.01
"2025-06-29T21:06:14.910Z","EDGE_DC_006","FIREWALL_002",24,200,14.15,14.56,22.94,41.71,1.79,1,0,29.41,21.01
"2025-06-29T21:06:14.910Z","UPF_005","FIREWALL_003",21,100,18.87,49.72,32.96,12.02,1.6800000000000002,0,1,23.72,29.81
"2025-06-29T21:06:14.910Z","gNB_001","FIREWALL_004",30,1000,89.91,17.97,66.78,57.64,1.745,1,1,21.91,29.54
"2025-06-29T21:06:14.910Z","gNB_017","FIREWALL_004",29,1000,89.91,17.97,46.04,57.64,1.96,1,1,29.54,29.54
"2025-06-29T21:06:14.910Z","SMF_004","FIREWALL_004",25,500,37.47,17.97,41.79,57.64,1.705,1,1,29.23,29.54
"2025-06-29T21:06:14.910Z","gNB_004","MONITOR_001",18,50,17.52,89.47,56.49,54.27,1.345,0,1,19.58,13.36
"2025-06-29T21:06:14.910Z","SMF_003","MONITOR_001",22,1000,13.89,89.47,42.11,54.27,1.23,1,1,27.37,13.36
"2025-06-29T21:06:14.910Z","gNB_004","MONITOR_002",26,500,17.52,14.02,56.49,49.05,1.65,0,0,19.58,24.93
"2025-06-29T21:06:14.910Z","AMF_001","MONITOR_002",21,500,19.79,14.02,32.63,49.05,1.585,0,0,14.84,24.93
"2025-06-29T21:06:14.910Z","FIREWALL_005","MONITOR_002",17,100,14.84,14.02,40.67,49.05,1.44,0,0,19.29,24.93
"2025-06-29T21:06:14.910Z","gNB_002","MONITOR_003",16,200,14.42,43.16,18.58,34.63,1.565,0,0,22.48,15.01
"2025-06-29T21:06:14.910Z","gNB_016","MONITOR_003",16,100,12.85,43.16,15.84,34.63,1.6099999999999999,0,0,17.07,15.01
"2025-06-29T21:06:14.910Z","SMF_003","MONITOR_003",25,100,13.89,43.16,42.11,34.63,1.535,1,0,27.37,15.01
"2025-06-29T21:06:14.910Z","SMF_001","MONITOR_004",20,1000,94.75,49.12,52.02,40.46,1.25,2,0,11.37,23.95
"2025-06-29T21:06:14.910Z","gNB_013","MONITOR_005",16,100,83.37,100,19.87,61.34,1.51,1,2,26.8,13.85
"2025-06-29T21:06:14.910Z","FIREWALL_001","MONITOR_005",33,50,18.87,100,17.63,61.34,2.37,2,2,51.68,13.85
